Parameters,Group ID,Image
"[77.76643603471217, 68.63985014170707, 0.2928976656562554, 0.22779683124957728, 0]",240,0
NULL,240,1
NULL,240,2
NULL,240,3
NULL,240,4
NULL,240,5
NULL,240,6
NULL,240,7
NULL,240,8
NULL,240,9
NULL,240,10
NULL,240,11
NULL,240,12
NULL,240,13
NULL,240,14
NULL,240,15
NULL,240,16
NULL,240,17