Parameters,Group ID,Image
"[67.15878875020515, 50.00508088852019, 0.4163929138740624, 0.6073680872709718, 9.94429426317447]",1146,320
