Parameters,Group ID,Image
"[68.93036230729123, 98.40980798483191, 1.2517013178114382, 1.340304698498812, 0]",921,200
NULL,921,210