Parameters,Group ID,Image
"[62.524740311901425, 87.36019706132369, 0.956330561511164, 0.9113632047976087, 346.3730051401074]",958,220
NULL,958,230
