Parameters,Group ID,Image
"[67.15235003670223, 77.05656852288102, 0.7642602807468402, 0.8163268867415804, 0]",1003,250
"[71.99072594658563, 76.76830070655744, 0.8325349034251072, 1.282575653513259, 306.9128751357363]",1003,260
