Parameters,Group ID,Image
"[36.38992195129365, 80.4528216597079, 1.9577398254628045, 2.562754778499194, 42.49063526014254]",1043,260
NULL,1043,270
