Parameters,Group ID,Image
"[28.808302448305078, 77.98026555226468, 0.3825322246044632, 0.5644054698585735, 10.191501850027294]",1328,400
