Parameters,Group ID,Image
"[19.299202039391307, 75.94160221591605, 4.023881963992058, 5.198920442711074, 22.087171603226977]",1084,280
