Parameters,Group ID,Image
"[51.2709316168753, 87.10931639792769, 0.35428520664979146, 0.2571707451784988, 0]",370,20
NULL,370,21
NULL,370,22
NULL,370,23
NULL,370,24
NULL,370,25