Parameters,Group ID,Image
"[9.892548104685268, 78.17054033619006, 0.7937013502719747, 0.645018664742043, 345.7739436358285]",803,140
NULL,803,150
