Parameters,Group ID,Image
"[3.1322444605598014, 16.65174760540628, 0.43622114786807237, 0.5917818041750422, 51.486821699661846]",1211,340
