Parameters,Group ID,Image
"[80.65932544892385, 56.69677506563813, 0.584201986103153, 0.4910186466792609, 14.03624346792816]",884,180
NULL,884,190
