Parameters,Group ID,Image
"[29.49178430808967, 36.070059600665395, 0.6439519051974826, 0.7791354993064488, 0]",1120,300
NULL,1120,310
