Parameters,Group ID,Image
"[20.731789065399425, 80.96283237987303, 0.7418712181276427, 0.45637957408468455, 350.53982477124805]",291,10
NULL,291,11
NULL,291,12
NULL,291,13
NULL,291,14
NULL,291,15
NULL,291,16
NULL,291,17
NULL,291,18
NULL,291,19
