Parameters,Group ID,Image
"[58.32297912365163, 69.2686194467019, 0.2865924560029214, 0.1980459155505372, 0]",102,0
NULL,102,1
NULL,102,2
NULL,102,3
NULL,102,4
NULL,102,5
NULL,102,6
NULL,102,7
NULL,102,8
NULL,102,9
NULL,102,10
NULL,102,11
NULL,102,12
NULL,102,13
NULL,102,14
NULL,102,15
