Parameters,Group ID,Image
"[57.00612718980715, 94.11137441437867, 0.3328133759437435, 0.3506873797888801, 0]",556,72
NULL,556,73
NULL,556,74
NULL,556,75