Parameters,Group ID,Image
"[36.63062720275502, 91.04741709206064, 1.0963391944486602, 1.4043267306571323, 0]",1168,330
