Parameters,Group ID,Image
"[73.60511651662955, 97.84154170988307, 0.6315759302313353, 1.0123742422672422, 0]",1104,290
