Parameters,Group ID,Image
"[61.76712944799142, 69.26450516225255, 0.8003136899527163, 0.6774642564103033, 0]",827,150
NULL,827,160
NULL,827,170
