Parameters,Group ID,Image
"[33.328498225288605, 7.845636088878667, 1.2552757099554481, 1.4806794031222987, 0]",1278,370
