Parameters,Group ID,Image
"[4.504155929880176, 82.17355069648578, 0.7384831947951813, 0.5202135348360021, 341.04576830049064]",639,89
NULL,639,90
NULL,639,91
NULL,639,92