Parameters,Group ID,Image
"[11.296370828301246, 65.283271548617, 1.1720166897351205, 1.1695423381854424, 325.6603482945347]",1077,270
"[5.459223636281575, 74.35620604650252, 1.2870190437865878, 1.9831986640526944, 41.30295069642841]",1077,280
