Parameters,Group ID,Image
"[40.15927527345821, 67.58066094303365, 0.4378569771725793, 0.6287609410115234, 33.976544036248754]",1149,320
