Parameters,Group ID,Image
"[62.14671061373931, 86.4950443177139, 0.5424849874116617, 0.7383119279609645, 0]",1109,290
