Parameters,Group ID,Image
"[50.084369768462736, 86.8112050339221, 0.5379926011663293, 0.7386394888155351, 9.98182928773275]",1142,320
