Parameters,Group ID,Image
"[44.081075601055254, 89.93652188337593, 0.3147119672802232, 0.4303480344420299, 30.936271039291626]",961,220
NULL,961,230