Parameters,Group ID,Image
"[80.26694435295505, 31.86196851300544, 1.5575176698213298, 2.419052369750787, 28.25424946168124]",1158,320
"[89.43731186680479, 72.84095268896195, 2.7133510800868237, 4.088479399922221, 0]",1158,330
