Parameters,Group ID,Image
"[19.14373563802983, 35.51401869158874, 1.7418426061448407, 2.1028037383177587, 0]",1175,330
