Parameters,Group ID,Image
"[50.0965526184411, 88.16451069819743, 0.34110857933978905, 0.36557957570239946, 26.288262124907362]",960,220
NULL,960,230
