Parameters,Group ID,Image
"[10.653700678023256, 63.578716657967426, 0.6267952618429323, 0.5119910519665238, 334.6803130896885]",1031,260
