Parameters,Group ID,Image
"[96.38065729114813, 85.10860276536188, 0.32769316422522476, 0.2099761941405041, 17.612577842905864]",313,10
NULL,313,11
NULL,313,12
NULL,313,13
