Parameters,Group ID,Image
"[6.534337708173058, 24.562478075525533, 0.6694803786429029, 1.082034948435524, 0]",1313,390
