Parameters,Group ID,Image
"[35.42148461222639, 74.63930248143953, 0.346774094271329, 0.21552180206576843, 349.3803447238443]",352,20
NULL,352,21
NULL,352,22
NULL,352,23
NULL,352,24
NULL,352,25
NULL,352,26
NULL,352,27
"[31.718108368621188, 89.09120197657998, 0.4960727931607814, 0.4084522312382232, 348.5180086452567]",352,28
NULL,352,29
NULL,352,30
NULL,352,31
NULL,352,32
