Parameters,Group ID,Image
"[12.120134776412678, 5.167646362441715, 0.8577862945926067, 1.120305509628922, 24.263886838336305]",1323,400
