Parameters,Group ID,Image
"[8.120007779825182, 11.979699887781019, 0.942911689161385, 0.2825457392194458, 356.08056474184446]",923,210
NULL,923,220
NULL,923,230
