Parameters,Group ID,Image
"[71.67469034790783, 31.97027399698497, 0.31725174390405186, 0.47239740121075613, 0]",1081,280
"[76.96334847556014, 55.31021429069727, 0.44656883955751425, 0.5904069337407591, 0]",1081,290
"[90.4724609696857, 89.39093740624627, 0.6372297617949156, 0.9087783679088345, 2.4864344682250703]",1081,300
