Parameters,Group ID,Image
"[38.408552993612105, 66.88651208153358, 0.7765663401990965, 0.5829512153092387, 347.8285417914191]",848,160
NULL,848,170
