Parameters,Group ID,Image
"[58.65946504506741, 92.55547719969213, 1.0218742121498265, 1.4988358918769797, 49.930817776207334]",881,180
NULL,881,190
