Parameters,Group ID,Image
"[16.40523208834, 32.46223718280677, 0.6785883440057477, 0.9684371407595401, 37.17946649911346]",1198,340
