Parameters,Group ID,Image
"[79.57688705041713, 79.76109744015089, 1.0175699355627865, 0.9470811653205836, 36.0851739406333]",934,210
NULL,934,220
