Parameters,Group ID,Image
"[40.6621033498595, 93.5814000644427, 0.35969958798760615, 0.40800997106455844, 0]",299,10
NULL,299,11
NULL,299,12
NULL,299,13
