Parameters,Group ID,Image
"[53.603149185829444, 55.437835802285264, 0.38714626873290564, 0.34889922346566493, 0]",1033,260
