Parameters,Group ID,Image
"[12.502264099560465, 64.42539210138433, 0.39587069169027406, 0.26121564786070545, 344.68127153095963]",761,120
NULL,761,130
