Parameters,Group ID,Image
"[15.716499763215609, 5.333456601384422, 1.1455883796342192, 1.8676725282826316, 0]",1144,320
