Parameters,Group ID,Image
"[9.916847205881819, 25.69753805165009, 0.62644051201152, 0.23452413136791922, 351.4038779419354]",946,210
NULL,946,220
