Parameters,Group ID,Image
"[24.37960600864185, 53.71200393402543, 0.690781346862173, 0.48383154670534306, 349.303489264223]",899,190
"[15.98696009484459, 65.9087358523589, 0.882566856513735, 0.7334853536966661, 347.5480225865152]",899,200
"[1.8388950768721244, 86.32946085002905, 1.4438687532532932, 1.0636123189959241, 337.69372045809075]",899,210
NULL,899,220
