Parameters,Group ID,Image
"[13.08921779112882, 35.10715410971271, 0.5798657230247293, 0.8664460182754466, 35.781073861893105]",1086,280
NULL,1086,290
