Parameters,Group ID,Image
"[45.23895422423564, 76.35125008079419, 0.45585109952213526, 0.6859210265580211, 25.463345061869745]",1150,320
