Parameters,Group ID,Image
"[85.31480623161883, 46.40441293348885, 0.6170859218516763, 0.3098436028502208, 4.001794839023262]",790,130
"[94.34329284212647, 53.87270366063347, 0.8469825892568055, 0.4021375332726502, 12.367574316075547]",790,140
NULL,790,150
