Parameters,Group ID,Image
"[6.846820259851527, 73.94833356172482, 0.6484477870066394, 0.47684302759105496, 345.3526247276349]",849,160
NULL,849,170