Parameters,Group ID,Image
"[74.46174582343136, 96.40141275269104, 1.2253202761484943, 1.4920971513232075, 0]",1167,330
