Parameters,Group ID,Image
"[55.838001860918865, 51.70673266252983, 0.549958098133196, 0.379246648452316, 0]",828,150
"[57.7752479097661, 63.639192108192, 0.7256789621945181, 0.48169212376364984, 0]",828,160
"[60.86061534291248, 84.88588681906965, 1.0911984364813776, 0.919385414013135, 0]",828,170
NULL,828,180
