Parameters,Group ID,Image
"[37.631119699112205, 92.7184794558848, 0.34928432433056383, 0.3573055414408068, 353.28729489256034]",766,120
NULL,766,130
