Parameters,Group ID,Image
"[78.63820108900755, 64.14941504669731, 0.43251063172116766, 0.281877921146422, 10.064993714919467]",567,72
NULL,567,73
NULL,567,74
NULL,567,75
NULL,567,76
NULL,567,77
NULL,567,78
NULL,567,79
NULL,567,80
NULL,567,81
NULL,567,82
NULL,567,83
NULL,567,84
NULL,567,85
NULL,567,86
NULL,567,87
NULL,567,88
NULL,567,89
NULL,567,90
