Parameters,Group ID,Image
"[51.79329871117885, 52.766916857896064, 0.6601773218445898, 0.4314837880696497, 0]",939,210
NULL,939,220
NULL,939,230
NULL,939,240
