Parameters,Group ID,Image
"[81.86429510505916, 89.37534861339635, 0.32477733786001284, 0.3315119146672607, 26.565051177064277]",685,91
NULL,685,92
NULL,685,93
NULL,685,94
NULL,685,95
