Parameters,Group ID,Image
"[3.252370999904529, 15.629251924724688, 1.0273980754351453, 0.3297770861022906, 354.1342964113247]",972,230
NULL,972,240
