Parameters,Group ID,Image
"[4.743765550179637, 59.437827837472554, 0.6130931312445518, 0.38534063384848777, 343.5799494935218]",835,160
NULL,835,170
