Parameters,Group ID,Image
"[96.85401365870283, 1.1504653043799924, 0.5925957651196825, 0.6641861551059751, 0]",1114,290
