Parameters,Group ID,Image
"[9.976502543309781, 90.445711416598, 0.44954777491517284, 0.5412528015227736, 0]",221,0
NULL,221,1
NULL,221,2
NULL,221,3
NULL,221,4
NULL,221,5
