Parameters,Group ID,Image
"[46.747395587050356, 85.59811483632313, 0.860700711792788, 1.0336281217949903, 0]",1302,390
