Parameters,Group ID,Image
"[4.68006925013306, 59.78908129193309, 0.5785799897142512, 0.8401900783277106, 53.130102354153905]",1154,320
