Parameters,Group ID,Image
"[79.31713722915299, 57.10455764075068, 1.5758371634931052, 2.05540661304736, 0]",1335,410
