Parameters,Group ID,Image
"[85.4843581055664, 61.35705223350673, 0.6822127264895324, 0.5760348449581169, 13.339248903364592]",876,180
NULL,876,190
NULL,876,200
