Parameters,Group ID,Image
"[17.48657442554526, 78.20012061192024, 0.32896842762777917, 0.6153743816964415, 64.3429703452191]",1030,260
