Parameters,Group ID,Image
"[33.279434453228895, 80.21265886586447, 0.6697442306050618, 0.4785957493682531, 0]",170,0
NULL,170,1
NULL,170,2
NULL,170,3
NULL,170,4
NULL,170,5
NULL,170,6
NULL,170,7
NULL,170,8
