Parameters,Group ID,Image
"[70.4935903173832, 44.640372890120226, 0.6287381467345057, 0.8129488718523916, 0]",1272,370
NULL,1272,380
"[78.94827317862125, 5.988152252265644, 0.8632321844745121, 1.1369909339744888, 0]",1272,390
