Parameters,Group ID,Image
"[78.24880381371973, 54.37345980360465, 0.4149671768447831, 0.30592549651287015, 0]",732,98
NULL,732,99
NULL,732,100
NULL,732,110
NULL,732,120
