Parameters,Group ID,Image
"[64.9163027205633, 86.78245890411144, 1.230762815190218, 1.4889290547212963, 0]",1055,270
