Parameters,Group ID,Image
"[83.5317396588883, 87.74765180939943, 0.4738452218717129, 0.6940867530646547, 312.1237242904583]",1202,340
