Parameters,Group ID,Image
"[17.08168673569729, 57.82647091850591, 0.582346876403348, 0.42405925543131756, 343.3930194213773]",798,140
NULL,798,150
NULL,798,160
