Parameters,Group ID,Image
"[45.92122770431723, 83.73911232605359, 0.5257437692234039, 0.28708747306875027, 0]",285,10
NULL,285,11
NULL,285,12
NULL,285,13
NULL,285,14
NULL,285,15
NULL,285,16
NULL,285,17
NULL,285,18
