Parameters,Group ID,Image
"[63.1245050403775, 69.28662362084286, 0.22927396480233142, 0.16203756726859808, 0]",115,0
NULL,115,1
NULL,115,2
NULL,115,3
NULL,115,4
NULL,115,5
NULL,115,6
NULL,115,7
NULL,115,8
NULL,115,9
"[67.67968857029548, 85.46110157560595, 0.3186148808974423, 0.30977766529248635, 0]",115,10
NULL,115,11
NULL,115,12
NULL,115,13
NULL,115,14
NULL,115,15
