Parameters,Group ID,Image
"[90.87095681796917, 85.61373831646836, 0.5521692781146733, 0.41869602891056873, 24.151291416951153]",495,50
"[91.99686310047305, 87.61967280442357, 0.517275921554798, 0.41179199899448926, 22.190288896108882]",495,51
"[93.26776334719223, 89.77511448319729, 0.6319187943831682, 0.40005641851683993, 15.302487123720994]",495,52
NULL,495,53
NULL,495,54
NULL,495,55
NULL,495,56
