Parameters,Group ID,Image
"[60.99049352183267, 69.34063614326574, 0.29981980012613, 0.18004174140958196, 9.22988624372664]",94,0
NULL,94,1
NULL,94,2
NULL,94,3
NULL,94,4
NULL,94,5
NULL,94,6
NULL,94,7
NULL,94,8
NULL,94,9
NULL,94,10
NULL,94,11
NULL,94,12
NULL,94,13
NULL,94,14
NULL,94,15
