Parameters,Group ID,Image
"[49.30723096265923, 48.46053442157012, 1.0432697034667104, 1.3545513722100246, 324.05788812861897]",1139,320
NULL,1139,330
