Parameters,Group ID,Image
"[43.90796391765244, 98.57779381514632, 0.27405682894293903, 0.29143569361755794, 0]",302,10
NULL,302,11