Parameters,Group ID,Image
"[92.79256889528932, 97.82625626007547, 0.3835560004453527, 0.3307322351877323, 17.612577842905694]",281,10
NULL,281,11
