Parameters,Group ID,Image
"[98.80487790290157, 79.87960382409717, 0.4416755576234132, 0.3536097746204385, 13.284866484889562]",473,43
NULL,473,44
