Parameters,Group ID,Image
"[41.91256732735504, 94.90268750014069, 0.28482678360617797, 0.26393851131958, 0]",365,20
NULL,365,21
NULL,365,22
NULL,365,23
