Parameters,Group ID,Image
"[46.99153663578753, 76.71198142574829, 0.36947931224424874, 0.6043425707106757, 61.67255779928149]",1028,260
NULL,1028,270
NULL,1028,280
NULL,1028,290
NULL,1028,300
"[46.78111587982833, 9.345794392523365, 1.8025751072961356, 2.9205607476635507, 0]",1028,310
"[39.31958705280775, 37.45904359570259, 3.0040849496425865, 4.0870566084053594, 39.76045631456839]",1028,320
"[28.583690987124466, 80.49065420560748, 4.463519313304719, 7.009345794392516, 0]",1028,330
