Parameters,Group ID,Image
"[94.76637275040743, 44.882948627182934, 1.2026546343189177, 1.7737338372948441, 344.95360816780357]",1327,400
