Parameters,Group ID,Image
"[25.953198256627076, 67.65893854514684, 0.5561819635317916, 0.46767342719866206, 351.46923439005]",760,120
NULL,760,130
NULL,760,140
