Parameters,Group ID,Image
"[9.578628714229358, 52.30086349607288, 0.35915050008145677, 0.1157806386655551, 0]",191,0
NULL,191,1
NULL,191,2
NULL,191,3
NULL,191,4
NULL,191,5
NULL,191,6
NULL,191,7
NULL,191,8
NULL,191,9
NULL,191,10
NULL,191,11
NULL,191,12