Parameters,Group ID,Image
"[85.20403032328142, 42.917293178805, 0.5548141916710136, 0.7830581054131542, 0]",1096,290
