Parameters,Group ID,Image
"[3.0619169422010613, 32.19799200412483, 0.6676486060891458, 1.104551520479034, 71.99359883961688]",1058,270
NULL,1058,280
