Parameters,Group ID,Image
"[68.03168054053847, 50.17902880941699, 0.24214148548337275, 0.06379098549066242, 0]",58,0
NULL,58,1
