Parameters,Group ID,Image
"[2.514768568962473, 90.71865846699197, 0.40715300640344776, 0.5760348449581297, 36.26996376558998]",1157,320
NULL,1157,330
