Parameters,Group ID,Image
"[89.6487418210973, 13.831791029562126, 1.8940600072034641, 2.218089997025249, 0]",1162,330
