Parameters,Group ID,Image
"[58.533423063405365, 79.51830755243112, 1.2324286541605416, 1.1846820338307584, 6.293948188950594]",886,180
NULL,886,190
