Parameters,Group ID,Image
"[32.39895803494502, 84.73767890768293, 0.8951002292292429, 1.0828574943427611, 0]",1115,290
