Parameters,Group ID,Image
"[93.27199021364174, 48.07755505077779, 0.45937919459497856, 0.16420701989778094, 3.9797293593447307]",384,20
NULL,384,21
NULL,384,22
NULL,384,23
NULL,384,24
NULL,384,25
NULL,384,26
NULL,384,27
NULL,384,28
NULL,384,29
