Parameters,Group ID,Image
"[71.77063238370484, 82.2718823533908, 0.48716600679000516, 0.6472375476837158, 0]",1103,290
