Parameters,Group ID,Image
"[60.62894611579821, 76.39827240652089, 0.3571382913267058, 0.2520584379734032, 0]",109,0
NULL,109,1
NULL,109,2
NULL,109,3
NULL,109,4
NULL,109,5
NULL,109,6
NULL,109,7
NULL,109,8
NULL,109,9
"[64.98803906916574, 98.61906792603786, 0.4152614676799978, 0.4584875918961531, 14.870112416382256]",109,10
