Parameters,Group ID,Image
"[46.30420833024314, 95.52370854603032, 0.7738864901990539, 0.9654746273267706, 0]",1169,330
