Parameters,Group ID,Image
"[9.170241586681747, 33.54072813592849, 3.808406342009903, 5.252980979680864, 0]",1085,280
