Parameters,Group ID,Image
"[0.9444627942896435, 85.48373172854683, 0.7870523285747031, 1.1784424427009839, 0]",1123,300
NULL,1123,310
