Parameters,Group ID,Image
"[14.679463880883892, 90.61044053010492, 0.605160466231963, 0.4941873405208099, 0]",223,0
NULL,223,1
NULL,223,2
NULL,223,3
NULL,223,4
NULL,223,5
