Parameters,Group ID,Image
"[83.11428635354858, 89.79704239189384, 1.6971679698284683, 2.468058355087636, 14.103968944083647]",1257,360
NULL,1257,370
NULL,1257,380
