Parameters,Group ID,Image
"[12.160572617807023, 38.34477581689211, 0.4438133995232259, 0.18538493363091071, 350.5622205063253]",754,110
NULL,754,120
NULL,754,130
