Parameters,Group ID,Image
"[48.999400870022136, 79.95242812257959, 1.1096283833420415, 1.3703516844730217, 0]",1133,310