Parameters,Group ID,Image
"[32.29166438720623, 57.91873931614955, 0.5705798681615661, 0.8471782980356579, 0]",1224,350
