Parameters,Group ID,Image
"[93.9385363096252, 65.19949090976198, 1.8259688756720394, 1.793928344949432, 23.259220945517427]",1022,260
