Parameters,Group ID,Image
"[77.12010565780403, 8.205511694791984, 0.241707811083913, 0.26771045168968866, 13.760785111771327]",1083,280
NULL,1083,290
NULL,1083,300
