Parameters,Group ID,Image
"[72.37633211848387, 88.22931667458397, 0.6647436474410757, 0.7860125153316527, 28.38140028217333]",806,140
NULL,806,150