Parameters,Group ID,Image
"[55.16427602843653, 56.10352795783754, 0.36500262112450566, 0.3402637426148517, 2.8525978790186173]",1034,260
