Parameters,Group ID,Image
"[18.854335386140917, 69.4902292475448, 0.3913310453495869, 0.245431791561947, 353.9508855603701]",589,72
NULL,589,73
NULL,589,74
NULL,589,75
NULL,589,76
NULL,589,77
NULL,589,78
"[12.166819308645358, 80.90186501521946, 0.554598826644834, 0.358629055474914, 341.4666610422137]",589,79
NULL,589,80
NULL,589,81
NULL,589,82
NULL,589,83
NULL,589,84
NULL,589,85
NULL,589,86
