Parameters,Group ID,Image
"[9.524166185210941, 36.920285453669266, 0.6218672129816017, 0.3775415169000588, 353.5952479584343]",873,180
NULL,873,190
NULL,873,200
