Parameters,Group ID,Image
"[44.966621110379684, 68.1066982868537, 3.186935797662535, 4.742009164358087, 19.612093708904467]",1256,360
NULL,1256,370
"[46.876909675187285, 76.17500560651185, 3.693151939554331, 5.252980979680865, 15.823920932022077]",1256,380
NULL,1256,390
NULL,1256,400
