Parameters,Group ID,Image
"[57.22070044671731, 68.46443300173915, 0.17195547360176278, 0.11402643622605524, 0]",105,0
NULL,105,1
NULL,105,2
NULL,105,3
NULL,105,4
NULL,105,5
NULL,105,6
NULL,105,7
NULL,105,8
NULL,105,9
NULL,105,10
NULL,105,11
NULL,105,12
NULL,105,13
NULL,105,14
NULL,105,15
NULL,105,16
