Parameters,Group ID,Image
"[3.832344344554213, 38.2129536961548, 1.263858241289156, 1.7201573739797942, 33.53604698430502]",1288,370
NULL,1288,380
