Parameters,Group ID,Image
"[44.53113148567955, 51.90418489988109, 0.6634289054753438, 0.95104643459568, 37.85617965455651]",1197,340
