Parameters,Group ID,Image
"[93.2308045164538, 93.94005874728435, 0.4813650121632804, 0.6960743330821799, 0]",1180,330
