Parameters,Group ID,Image
"[74.11261527669731, 95.27976491046957, 0.8100712581579189, 1.0680823925214753, 0]",1306,390
