Parameters,Group ID,Image
"[11.529712400218676, 64.56248643336257, 0.49706463295705544, 0.26096312246178865, 352.5041423602702]",218,0
NULL,218,1
NULL,218,2
NULL,218,3
NULL,218,4
NULL,218,5
NULL,218,6
NULL,218,7
NULL,218,8
NULL,218,9
NULL,218,10
NULL,218,11
