Parameters,Group ID,Image
"[8.430585422964716, 63.95611445507063, 0.3307965132329205, 0.1415096694801008, 0]",214,0
NULL,214,1
NULL,214,2
NULL,214,3
NULL,214,4
NULL,214,5
NULL,214,6
NULL,214,7
NULL,214,8
