Parameters,Group ID,Image
"[81.64998277353291, 49.833981955067166, 0.6961890671783094, 0.9136610108517119, 0]",1136,310
NULL,1136,320
