Parameters,Group ID,Image
"[7.580439909264185, 67.67729026247808, 0.45851848892650054, 0.299002965837632, 349.053348750834]",565,72
NULL,565,73
NULL,565,74
NULL,565,75
NULL,565,76
NULL,565,77
NULL,565,78
NULL,565,79