Parameters,Group ID,Image
"[63.162329521099004, 63.79023230807989, 0.613019960052462, 0.4610840831183438, 0]",856,170
NULL,856,180
