Parameters,Group ID,Image
"[11.33497002486323, 84.67138529811233, 0.48914473738514597, 0.3746431484600263, 345.6506985663603]",640,89
"[9.092252449680927, 88.80748633821733, 0.5212191285156739, 0.4144847608583553, 336.5400628994903]",640,90
NULL,640,91
NULL,640,92
NULL,640,93
NULL,640,94
NULL,640,95
