Parameters,Group ID,Image
"[55.98614832855087, 68.10434951892, 0.24250130892555433, 0.1620375672686123, 0]",128,0
NULL,128,1
NULL,128,2
NULL,128,3
NULL,128,4
NULL,128,5
NULL,128,6
NULL,128,7
NULL,128,8
NULL,128,9
NULL,128,10
NULL,128,11
NULL,128,12
NULL,128,13
NULL,128,14
NULL,128,15
NULL,128,16
