Parameters,Group ID,Image
"[7.221937300342357, 6.60859019290639, 0.6068854874237264, 0.16521475482266032, 357.03906386583674]",999,240
NULL,999,250
NULL,999,260
