Parameters,Group ID,Image
"[20.504364979865247, 58.95181796163782, 0.2551858816368231, 0.12864515407283506, 0]",188,0
NULL,188,1
NULL,188,2
NULL,188,3
NULL,188,4
NULL,188,5
NULL,188,6
NULL,188,7
NULL,188,8
NULL,188,9
"[13.086427097968317, 68.06401028910194, 0.4131784071744591, 0.20043036065015532, 351.9729491722378]",188,10
NULL,188,11
NULL,188,12
NULL,188,13
NULL,188,14
NULL,188,15
NULL,188,16
NULL,188,17
NULL,188,18
NULL,188,19
NULL,188,20
NULL,188,21
NULL,188,22
