Parameters,Group ID,Image
"[8.17807658942252, 61.218292345519146, 0.43315632300543533, 0.25129782162986264, 347.5500034921946]",217,0
NULL,217,1
NULL,217,2
NULL,217,3
NULL,217,4
NULL,217,5
NULL,217,6
NULL,217,7
NULL,217,8
NULL,217,9
