Parameters,Group ID,Image
"[94.25974919393771, 96.07984453581865, 0.6182053766008588, 0.5391174776574036, 29.835940905268956]",579,72
NULL,579,73
NULL,579,74