Parameters,Group ID,Image
"[95.71114132431883, 60.7335212133528, 0.5230315458147743, 0.284746039061979, 13.134022306399856]",245,0
NULL,245,1
NULL,245,2
NULL,245,3
NULL,245,4
NULL,245,5
