Parameters,Group ID,Image
"[23.749804840481502, 30.150460845160687, 0.5834876204467443, 0.800166663382919, 345.4503672298805]",1322,400
