Parameters,Group ID,Image
"[73.97464090618271, 1.234259523103997, 0.7984406949496716, 0.254802752164505, 359.9482724537945]",994,240
NULL,994,250
NULL,994,260
