Parameters,Group ID,Image
"[33.93169244509202, 63.59638352183838, 0.3199756207320448, 0.1814577265322086, 0]",442,43
NULL,442,44
NULL,442,45
NULL,442,46
NULL,442,47
NULL,442,48
NULL,442,49
NULL,442,50
NULL,442,51
NULL,442,52
NULL,442,53
NULL,442,54
NULL,442,55
NULL,442,56
NULL,442,57
NULL,442,58
NULL,442,59
NULL,442,60
NULL,442,61
NULL,442,62
NULL,442,63
