Parameters,Group ID,Image
"[1.4551252151665715, 83.70799907149575, 0.7666370389376467, 1.1476042763995362, 54.306096884167914]",1242,360
