Parameters,Group ID,Image
"[65.58098456428448, 83.6565802627502, 3.308476252954494, 2.8768114970032914, 26.854421340514307]",1041,260
