Parameters,Group ID,Image
"[13.90262062628102, 67.98783007081155, 0.5078478183051747, 0.26162620264932407, 353.55147756321867]",416,29
NULL,416,30
NULL,416,31
NULL,416,32
NULL,416,33
NULL,416,34
NULL,416,35
NULL,416,36
NULL,416,37
NULL,416,38
NULL,416,39
NULL,416,40
NULL,416,41
NULL,416,42
