Parameters,Group ID,Image
"[55.53530102868714, 94.21168251794808, 0.35440617544409747, 0.41345124871801886, 0]",229,0
NULL,229,1
NULL,229,2
NULL,229,3
