Parameters,Group ID,Image
"[85.18312092223988, 73.41942740359711, 0.7423482008228746, 0.9945357440018087, 0]",1138,310
