Parameters,Group ID,Image
"[7.475794490639637, 24.676376491150336, 0.690401640475493, 0.9111873249983428, 346.1028236849852]",1312,390
