Parameters,Group ID,Image
"[95.6005224522021, 89.9943093921204, 0.40801336157639084, 0.2708731678489182, 17.61257784290575]",278,10
NULL,278,11
NULL,278,12
NULL,278,13
NULL,278,14