Parameters,Group ID,Image
"[20.081680097560703, 8.01708654305938, 1.1955592009072549, 0.3305115379990564, 356.36704926051124]",1014,250
NULL,1014,260