Parameters,Group ID,Image
"[93.03901961103776, 28.966087778740064, 0.7041347080130157, 1.0336681123011888, 332.4709617954601]",1215,340
