Parameters,Group ID,Image
"[69.75050278387073, 95.8797508832456, 0.4858413034380644, 0.6532581205314334, 27.309110379968956]",1152,320
