Parameters,Group ID,Image
"[88.10706507104801, 37.09176180917825, 0.7047665143082611, 0.9591740527676791, 0]",1165,330
