Parameters,Group ID,Image
"[23.947388018477994, 16.142931544210477, 0.42433601572234797, 0.6306074912176458, 58.03222478094483]",1210,340
