Parameters,Group ID,Image
"[2.579466727256282, 93.19141494253802, 0.641945900248255, 0.4161935678585292, 335.48988938309526]",524,63
NULL,524,64
NULL,524,65
