Parameters,Group ID,Image
"[77.72572587527546, 85.41566751802972, 0.4172337726038222, 0.3861894893979496, 0]",532,68
NULL,532,69
NULL,532,70
NULL,532,71
"[82.32907212071824, 96.83046572368545, 0.5153239369451665, 0.46601459694250447, 21.30120223355567]",532,72
NULL,532,73
NULL,532,74
