Parameters,Group ID,Image
"[60.78111781240039, 79.02365762289428, 0.5874936781045369, 0.6205952145048762, 21.990379276221404]",767,120
NULL,767,130
