Parameters,Group ID,Image
"[3.430832408672861, 65.74428209668287, 0.5103717632736484, 0.1672387002946607, 0]",212,0
NULL,212,1
NULL,212,2
NULL,212,3
NULL,212,4
