Parameters,Group ID,Image
"[19.917982365589772, 45.88159049745501, 0.44985305873894876, 0.31846333375908503, 342.4744316262788]",1039,260
