Parameters,Group ID,Image
"[57.8665866909014, 91.84911789011159, 0.4401167027141639, 0.3850810445616446, 0]",461,43
NULL,461,44
NULL,461,45
NULL,461,46
