Parameters,Group ID,Image
"[53.94913733357626, 69.00455822596786, 0.12345521181664765, 0.09602226208511411, 0]",125,0
NULL,125,1
NULL,125,2
NULL,125,3
NULL,125,4
NULL,125,5
NULL,125,6
NULL,125,7
NULL,125,8
NULL,125,9
NULL,125,10
NULL,125,11
NULL,125,12
NULL,125,13
NULL,125,14
NULL,125,15
NULL,125,16
