Parameters,Group ID,Image
"[80.21458764238454, 74.9387203619421, 0.49673468546797006, 0.296511676386601, 8.343891584029052]",636,89
NULL,636,90
NULL,636,91
NULL,636,92
NULL,636,93
NULL,636,94
NULL,636,95
NULL,636,96
NULL,636,97
NULL,636,98
NULL,636,99
