Parameters,Group ID,Image
"[22.093030460094305, 76.19792521089028, 0.33254949176053855, 0.25866937438929155, 340.8393308120652]",307,10
NULL,307,11
NULL,307,12
NULL,307,13
NULL,307,14
NULL,307,15
NULL,307,16
NULL,307,17
NULL,307,18
NULL,307,19
NULL,307,20
NULL,307,21
