Parameters,Group ID,Image
"[64.24006363470765, 8.403771881507012, 0.9527112382229745, 0.3305115379990582, 0]",980,230
NULL,980,240
"[67.02975833576465, 5.477517690693742, 1.2013812698497903, 0.3270159816531164, 1.6365858376474876]",980,250
