Parameters,Group ID,Image
"[10.57348957357747, 84.1958488355988, 0.3161423343838525, 0.48419532722425507, 30.008157006347687]",1156,320
NULL,1156,330
