Parameters,Group ID,Image
"[44.10022747525569, 90.7149406833382, 0.5518197520531062, 0.7512468386111677, 28.242151170496243]",1151,320
