Parameters,Group ID,Image
"[98.81201421749667, 85.67672940772022, 0.5940739223143648, 0.5391174776574024, 21.30120223355567]",578,72
NULL,578,73
NULL,578,74
