Parameters,Group ID,Image
"[4.215340730142806, 9.226402009040221, 0.3509529654190926, 0.5598898112746964, 38.02723071397264]",1088,280
