Parameters,Group ID,Image
"[46.6785902165393, 42.289654275919005, 0.3508755167951989, 0.5157378215323689, 0]",1182,330
NULL,1182,340
