Parameters,Group ID,Image
"[92.93713643252222, 33.293211151346256, 1.0735915353024277, 0.4537481623486362, 6.952957468165039]",902,190
NULL,902,200