Parameters,Group ID,Image
"[64.47426029165962, 80.19413320965167, 0.42943661412095935, 0.31880670889897544, 0]",335,20
NULL,335,21
NULL,335,22
NULL,335,23
NULL,335,24
NULL,335,25
NULL,335,26
NULL,335,27
NULL,335,28
NULL,335,29
