Parameters,Group ID,Image
"[72.06995456898791, 76.87849007549711, 0.6904016404754998, 0.9111873249983375, 0]",1298,390
