Parameters,Group ID,Image
"[87.99548179009669, 13.11008168523359, 0.740009821551243, 0.23764937453924942, 5.089397303592477]",991,240
"[92.11843221670398, 12.47176882204327, 0.9052795191715854, 0.3091381004819424, 4.439185815883889]",991,250
NULL,991,260