Parameters,Group ID,Image
"[80.14466156629511, 56.20422607437643, 0.4078569452684734, 0.2763901447590648, 9.97205768730663]",841,160
NULL,841,170
NULL,841,180
