Parameters,Group ID,Image
"[14.952002398128005, 64.59934022543474, 0.28353986848536117, 0.1415096694801008, 0]",210,0
NULL,210,1
NULL,210,2
NULL,210,3
NULL,210,4
NULL,210,5
NULL,210,6
NULL,210,7
NULL,210,8
NULL,210,9
NULL,210,10
NULL,210,11
NULL,210,12
NULL,210,13
NULL,210,14