Parameters,Group ID,Image
"[39.74909580081455, 93.55000262962785, 0.2605862062779849, 0.29693082523452574, 0]",366,20
NULL,366,21
NULL,366,22
NULL,366,23
