Parameters,Group ID,Image
"[92.3875918597847, 5.604714927733941, 0.6625133364351115, 0.760261015433942, 0]",1233,350
