Parameters,Group ID,Image
"[91.22743188986333, 90.52326517603635, 0.4584958633982715, 0.30085605184570574, 17.612577842905864]",277,10
NULL,277,11
NULL,277,12
NULL,277,13
NULL,277,14
