Parameters,Group ID,Image
"[53.65813576286561, 74.16575481304224, 0.27336511187971263, 0.20404730693083195, 0]",101,0
NULL,101,1
NULL,101,2
NULL,101,3
NULL,101,4
NULL,101,5
NULL,101,6
NULL,101,7
NULL,101,8
NULL,101,9
"[55.14258515492416, 94.4178512431691, 0.4204280898556476, 0.36032049392716203, 0]",101,10
NULL,101,11
NULL,101,12