Parameters,Group ID,Image
"[48.4826698508889, 96.59845077303869, 0.5501458783926907, 0.5562281754779406, 0]",467,43
NULL,467,44
NULL,467,45
