Parameters,Group ID,Image
"[77.3956778619914, 61.0710056804864, 4.5349742460458184, 6.70975796552508, 18.07103323201784]",1248,360
"[79.97151614142881, 89.391623007824, 5.5250989954679515, 8.929836328857016, 352.30394827798375]",1248,370
"[84.73929034347815, 60.71359455422469, 5.649971250810736, 8.042843003894893, 26.565051177078942]",1248,380
NULL,1248,390
