Parameters,Group ID,Image
"[81.75736005040274, 58.14735522582042, 1.2854633847542236, 1.9169961579536734, 0]",1184,330
