Parameters,Group ID,Image
"[47.61467767730433, 92.00725013564546, 0.5153239369451575, 0.46758317305182096, 349.87532834460234]",507,55
NULL,507,56
NULL,507,57
NULL,507,58
NULL,507,59
