Parameters,Group ID,Image
"[87.95384057061378, 62.93912359279904, 0.7280645808969695, 0.9008020781063735, 0]",1112,290
