Parameters,Group ID,Image
"[11.100371980597712, 90.16331865058613, 0.3803865787743774, 0.40005641851682583, 0]",222,0
NULL,222,1
NULL,222,2
NULL,222,3
NULL,222,4
NULL,222,5
