Parameters,Group ID,Image
"[78.55836366425495, 73.20799612163597, 0.5478739112039785, 0.39807934057287697, 8.471144633033987]",808,140
NULL,808,150