Parameters,Group ID,Image
"[42.72609384283601, 91.9377027524397, 0.411085243414405, 0.4313248265539755, 0]",296,10
NULL,296,11
NULL,296,12
NULL,296,13
NULL,296,14
