Parameters,Group ID,Image
"[53.52951604059633, 72.81017153567959, 0.5015582540691881, 0.39255571910342724, 0]",543,70
NULL,543,71
"[53.66725751501663, 75.64183907883184, 0.5153239369451654, 0.40913527642034353, 0]",543,72
NULL,543,73
NULL,543,74
NULL,543,75
NULL,543,76
NULL,543,77
NULL,543,78
NULL,543,79
NULL,543,80
NULL,543,81
NULL,543,82
