Parameters,Group ID,Image
"[10.790032314246924, 66.77153183807032, 0.4349811929473956, 0.312886590412318, 346.3997974765892]",805,140
NULL,805,150
