Parameters,Group ID,Image
"[98.46156002376897, 94.15962855503332, 0.45245991209357744, 0.27087316784891846, 17.61257784290575]",279,10
NULL,279,11
NULL,279,12
