Parameters,Group ID,Image
"[80.21576335548471, 76.74475201512894, 0.7438126589531165, 0.6707001940068984, 24.020246797277537]",882,180
NULL,882,190
NULL,882,200
