Parameters,Group ID,Image
"[53.86095503942151, 69.29862640360349, 0.1410916706475831, 0.08401947932445353, 0]",126,0
NULL,126,1
NULL,126,2
NULL,126,3
NULL,126,4
NULL,126,5
NULL,126,6
NULL,126,7
NULL,126,8
NULL,126,9
