Parameters,Group ID,Image
"[57.72333952339942, 69.41265283982969, 0.29541068541839627, 0.21605008969147882, 13.57043438514927]",103,0
NULL,103,1
NULL,103,2
NULL,103,3
NULL,103,4
NULL,103,5
NULL,103,6
NULL,103,7
NULL,103,8
NULL,103,9
NULL,103,10
NULL,103,11
NULL,103,12
NULL,103,13
NULL,103,14
NULL,103,15
