Parameters,Group ID,Image
"[95.70803192110117, 60.09265759832917, 1.8447932970707261, 2.43461703957422, 341.26402533297784]",1258,360
NULL,1258,370
