Parameters,Group ID,Image
"[8.74247927829862, 61.589043620130745, 0.6615930264658421, 0.32161288518205644, 351.86989764584456]",206,0
NULL,206,1
NULL,206,2
"[6.330727616005186, 63.806194266418615, 0.7980783731780609, 0.4105085895940702, 348.99790756148263]",206,3
NULL,206,4
NULL,206,5
NULL,206,6
NULL,206,7
NULL,206,8
NULL,206,9
