Parameters,Group ID,Image
"[5.567170004978657, 25.006301123190898, 0.6646532535881001, 0.2345241313679194, 353.06562563237605]",945,210
NULL,945,220