Parameters,Group ID,Image
"[82.7540716108019, 81.93054051689563, 0.5585896758178566, 0.4066512408134891, 9.33499846313424]",470,43
"[83.65663020445757, 83.64131249667712, 0.5645715682005152, 0.4019436035514747, 18.972510262858236]",470,44
NULL,470,45
"[86.64299083568112, 89.4522527429844, 0.5486709650784518, 0.497546482375731, 23.162471747123107]",470,46
"[87.74613099246433, 91.6318113276232, 0.6478823592473185, 0.4706546100197921, 21.14884250568275]",470,47
"[89.00773025476529, 93.88639937882668, 0.6144181754397232, 0.4577873730405065, 24.095131330973857]",470,48
NULL,470,49
NULL,470,50
