Parameters,Group ID,Image
"[78.01612270550059, 2.1895857267822896, 0.7231048657670227, 0.20982905794316212, 2.539251688548461]",993,240
NULL,993,250
NULL,993,260
