Parameters,Group ID,Image
"[43.0648268722227, 92.98603668437076, 0.24863895256368806, 0.36915596398048933, 0]",659,90
NULL,659,91
NULL,659,92
NULL,659,93
