Parameters,Group ID,Image
"[7.011618462295788, 98.47723164858053, 0.7707807529474096, 1.1166967910409509, 0]",1102,290
