Parameters,Group ID,Image
"[77.6644241121475, 74.953641930987, 0.7658079738961304, 1.1539200174089927, 0]",1183,330
