Parameters,Group ID,Image
"[7.837022724221231, 21.64074897204284, 0.4401167027141524, 0.7405939669274375, 51.47571638434806]",1236,350
