Parameters,Group ID,Image
"[36.349354830536605, 96.39558970479204, 0.3090673609343568, 0.3464192961069301, 0]",364,20
NULL,364,21
NULL,364,22