Parameters,Group ID,Image
"[84.7102314316836, 67.95777204825725, 0.4715536100508899, 0.6418017409360885, 0]",1227,350
