Parameters,Group ID,Image
"[60.518164460311894, 42.57850185573053, 4.434575174554261, 7.116336417040422, 0]",1101,290
NULL,1101,300
