Parameters,Group ID,Image
"[74.93737857773658, 78.93449920478031, 0.8628394417446971, 1.0245379983440017, 0]",916,200
NULL,916,210
