Parameters,Group ID,Image
"[84.11210767444982, 19.60240328582726, 0.6971412286707979, 0.3055933708081302, 5.55297103303144]",982,230
NULL,982,240
NULL,982,250
