Parameters,Group ID,Image
"[62.54180013520782, 4.246876332038272, 0.8612484767441013, 0.17536239653642213, 2.4540407683621197]",930,210
NULL,930,220
NULL,930,230
