Parameters,Group ID,Image
"[4.345991107311813, 94.81628124112889, 0.3825322246044628, 0.5063128915542447, 14.845452082082772]",1329,400
