Parameters,Group ID,Image
"[97.4019084845684, 86.77499442919576, 0.44167555762341276, 0.3536097746204385, 11.154659738914518]",475,43
NULL,475,44
NULL,475,45
