Parameters,Group ID,Image
"[80.52960947881955, 83.80259604003568, 0.28190485945191995, 0.1787948766968114, 20.776413166996747]",392,20
NULL,392,21
NULL,392,22
NULL,392,23
NULL,392,24
NULL,392,25
NULL,392,26
NULL,392,27
