Parameters,Group ID,Image
"[11.896835878531709, 30.248355183326304, 0.8219469506237349, 0.3050875735375881, 352.2348339815751]",1019,250
NULL,1019,260
