Parameters,Group ID,Image
"[45.475859790848276, 98.62271626747521, 0.8018191530736194, 1.1990944048394283, 10.459909092919418]",1074,270
