Parameters,Group ID,Image
"[66.77421813948592, 89.28191092636663, 0.8173595907548749, 1.112456350955898, 52.78701795464252]",1309,390
