Parameters,Group ID,Image
"[21.1143671210033, 59.662210407064165, 0.6815461076772472, 0.4441185710299449, 356.35734569555393]",864,170
NULL,864,180
NULL,864,190
