Parameters,Group ID,Image
"[32.01633950439451, 16.628162838648716, 0.6837571195501368, 0.8933574328327759, 0]",1161,330
"[16.277702467712366, 56.7591396162852, 1.0781259528335374, 1.560950637813115, 29.587763465418902]",1161,340
