Parameters,Group ID,Image
"[7.892692785938646, 47.377643232040896, 1.033905061137042, 0.5248873416329599, 351.98458696416765]",925,210
NULL,925,220