Parameters,Group ID,Image
"[21.27943823202059, 73.14579431065044, 0.5308010195590845, 0.3342495261085216, 351.9642892894638]",412,27
NULL,412,28
NULL,412,29
NULL,412,30
"[17.647148123384053, 80.02070469928742, 0.5788473391094474, 0.32701598165310475, 356.02748936420835]",412,31
NULL,412,32
NULL,412,33
NULL,412,34
NULL,412,35
NULL,412,36
NULL,412,37
NULL,412,38
NULL,412,39
NULL,412,40
