Parameters,Group ID,Image
"[59.5183313824148, 92.57711712780238, 0.21471830706047967, 0.2630155348416423, 0]",558,72
NULL,558,73
NULL,558,74
NULL,558,75
