Parameters,Group ID,Image
"[2.629241177309571, 62.66785095292177, 0.31437702213539936, 0.47140020561025003, 14.57421619803813]",1330,400
