Parameters,Group ID,Image
"[95.9458145801371, 79.45595458975777, 0.30830879689553137, 0.17003568957056547, 15.080114969314423]",376,20
NULL,376,21
NULL,376,22
NULL,376,23
NULL,376,24
