Parameters,Group ID,Image
"[29.270386266094423, 37.967289719626166, 1.4592274678111572, 1.6355140186915875, 0]",1174,330
NULL,1174,340
NULL,1174,350
