Parameters,Group ID,Image
"[50.34553271733485, 19.116074777072907, 0.8406275631379215, 0.3305115379990582, 0]",1011,250
NULL,1011,260
