Parameters,Group ID,Image
"[37.6689634842348, 37.91031274617808, 1.4935078134490676, 2.0768656386974214, 32.66091272167262]",1078,280
