Parameters,Group ID,Image
"[12.664780792346097, 64.90808859520952, 0.3969558158795081, 0.24442579273835463, 0]",209,0
NULL,209,1
NULL,209,2
NULL,209,3
NULL,209,4
NULL,209,5
NULL,209,6
NULL,209,7
NULL,209,8
NULL,209,9
NULL,209,10
NULL,209,11
