Parameters,Group ID,Image
"[12.197437863268483, 59.77188154112747, 0.6989452482886136, 0.4589003326047364, 347.85289705563883]",832,160
NULL,832,170
