Parameters,Group ID,Image
"[54.28423005136429, 66.24991958240145, 0.18518281772496437, 0.13203061036701058, 0]",131,0
NULL,131,1
NULL,131,2
NULL,131,3
NULL,131,4
NULL,131,5
NULL,131,6
NULL,131,7
NULL,131,8
NULL,131,9
NULL,131,10
NULL,131,11
NULL,131,12
NULL,131,13
NULL,131,14
NULL,131,15
NULL,131,16
NULL,131,17
NULL,131,18
