Parameters,Group ID,Image
"[43.2742075007219, 96.85249450893038, 0.2483640012295396, 0.2564634103834465, 0]",303,10
NULL,303,11
NULL,303,12
