Parameters,Group ID,Image
"[65.58434744206745, 95.95664903210258, 0.6130196930661498, 0.4278678272907399, 0]",463,43
NULL,463,44
NULL,463,45
