Parameters,Group ID,Image
"[94.71037510771076, 48.573924645613545, 1.0306478738903315, 0.5013774722699438, 13.045637062935839]",901,190
NULL,901,200