Parameters,Group ID,Image
"[47.91744908206171, 84.12709483625275, 0.3419715368653584, 0.2948046902357646, 0]",286,10
NULL,286,11
NULL,286,12
NULL,286,13
NULL,286,14
NULL,286,15
NULL,286,16
NULL,286,17
