Parameters,Group ID,Image
"[17.641422393288707, 2.237863342366802, 1.201808069015329, 1.7118408928021418, 24.466045353454376]",1213,340
