Parameters,Group ID,Image
"[63.26542740224163, 72.97745294793575, 0.3922188999538319, 0.3724986071697037, 9.88412400753532]",768,120
NULL,768,130
