Parameters,Group ID,Image
"[11.445706647688148, 21.574415973390394, 0.7278341056282762, 0.24452851983357574, 355.2363583092733]",909,190
NULL,909,200
NULL,909,210
