Parameters,Group ID,Image
"[14.715895096249684, 84.11503304533953, 0.35713313044333006, 0.2872122589509309, 334.5366549381349]",656,90
NULL,656,91
NULL,656,92
NULL,656,93
NULL,656,94
NULL,656,95
NULL,656,96
NULL,656,97
