Parameters,Group ID,Image
"[32.2521736157803, 21.43257979001552, 0.5800895326309359, 0.6859790941038706, 0]",1307,390
