Parameters,Group ID,Image
"[69.68944580053721, 41.983751939726304, 0.8383770310489638, 1.053245047992867, 0]",1171,330
NULL,1171,340
