Parameters,Group ID,Image
"[51.186160280472784, 22.98051737521573, 0.7659051130811961, 0.35593550246052175, 0]",1012,250
NULL,1012,260
