Parameters,Group ID,Image
"[56.83327984294105, 80.20873422273242, 0.5312947563950843, 0.6707001940068977, 0]",887,180
NULL,887,190
