Parameters,Group ID,Image
"[15.026898372318923, 75.77939634403735, 0.4370342284982606, 0.22203761678825998, 353.29016319224394]",305,10
NULL,305,11
NULL,305,12
NULL,305,13
NULL,305,14
NULL,305,15
NULL,305,16
NULL,305,17
NULL,305,18
NULL,305,19
NULL,305,20
NULL,305,21
