Parameters,Group ID,Image
"[5.9435434627022605, 77.77037556201499, 0.521220479924738, 0.7452205034848532, 30.490958880763117]",1241,360
NULL,1241,370
NULL,1241,380
