Parameters,Group ID,Image
"[95.58942008215756, 57.33706789781474, 0.8775133665801, 0.6018140435395829, 10.304846468788242]",885,180
NULL,885,190
