Parameters,Group ID,Image
"[90.45759683478151, 80.87342214014637, 0.5153239369451661, 0.35068737978888154, 16.721551445151988]",576,72
NULL,576,73
NULL,576,74
NULL,576,75
NULL,576,76
NULL,576,77
NULL,576,78
NULL,576,79
