Parameters,Group ID,Image
"[84.59557987505165, 44.04079738059643, 0.6636747672778398, 0.2656722574158011, 4.899092453789194]",791,130
NULL,791,140
NULL,791,150
