Parameters,Group ID,Image
"[79.92125871541953, 83.08222446296561, 0.7666082580038406, 0.6280601696166873, 22.880637176399205]",826,150
NULL,826,160
