Parameters,Group ID,Image
"[6.389098369870121, 65.3583466344644, 0.2646372105863364, 0.11578063866554089, 0]",213,0
NULL,213,1
NULL,213,2
NULL,213,3
NULL,213,4
NULL,213,5
NULL,213,6
