Parameters,Group ID,Image
"[71.68212347739116, 95.00248516407227, 0.30060562988467154, 0.3799113281045834, 0]",553,72
NULL,553,73
NULL,553,74
