Parameters,Group ID,Image
"[90.36080394268522, 25.18231073625955, 1.2516010384497893, 1.5000139032264912, 0]",1159,330
