Parameters,Group ID,Image
"[81.13934719791376, 45.20827774185064, 0.43885143062383414, 0.2077906220641244, 7.352379359884026]",724,97
"[81.63770242461874, 45.61928405723631, 0.4495477749151884, 0.18826184400791834, 6.7661748225527845]",724,98
"[82.15955508640839, 46.10942306930165, 0.5029905173876158, 0.23532730500990345, 8.3929251873912]",724,99
"[83.17653903875144, 46.9501234309859, 0.5359992700911533, 0.28239276601188834, 0]",724,100
"[91.09773661539016, 53.86685237360243, 0.6679548525859185, 0.31880670889896867, 8.45502767718341]",724,110
