Parameters,Group ID,Image
"[46.43367594828876, 8.781379916364365, 0.5795942797037331, 0.8249253723079555, 355.5635255143454]",1315,400
