Parameters,Group ID,Image
"[94.55661785953431, 75.36436556262849, 0.5153239369451654, 0.3506873797888819, 24.64799586947953]",580,72
NULL,580,73
NULL,580,74
NULL,580,75
NULL,580,76
