Parameters,Group ID,Image
"[52.36308991773741, 96.0247908030412, 0.4145109537762007, 0.6061152945271052, 331.7925091209859]",1125,300
