Parameters,Group ID,Image
"[95.2912505646086, 72.2477239320757, 0.6329794322985265, 0.7774270124580624, 0]",1054,270
