Parameters,Group ID,Image
"[11.90606768064999, 22.449895950982373, 0.6570313633375591, 0.7765801065326734, 0]",1284,370
NULL,1284,380
