Parameters,Group ID,Image
"[12.900396425322993, 30.98705326235025, 0.9319269977181531, 0.3779179209686075, 350.15886824036534]",870,180
NULL,870,190
NULL,870,200
