Parameters,Group ID,Image
"[53.82824405690554, 58.021537467196595, 0.4709205573575801, 0.4319061953926919, 0]",1032,260
