Parameters,Group ID,Image
"[69.86775025695073, 61.33484573352314, 0.45951336050535474, 0.31269884182390245, 4.514005147755938]",759,110
NULL,759,120
NULL,759,130