Parameters,Group ID,Image
"[96.82724096530548, 36.311758269873856, 0.5307372973618032, 0.17938152294359083, 4.685899839508863]",647,90
NULL,647,91
NULL,647,92
"[98.66083216827995, 36.83173960257727, 0.6052317782970482, 0.1873785342246435, 6.54304353855639]",647,93
"[99.2929876679222, 37.00656877284912, 0.5621567804519296, 0.16019759402638062, 7.125016348910037]",647,94
NULL,647,95
