Parameters,Group ID,Image
"[89.29573305184499, 93.06854119788979, 0.5344274247243266, 0.38508104456164416, 18.666914274225405]",232,0
NULL,232,1
NULL,232,2
NULL,232,3
NULL,232,4
