Parameters,Group ID,Image
"[43.32937174225356, 65.3418749376288, 0.4015232342031041, 0.2089512304575436, 0]",492,49
NULL,492,50
NULL,492,51
NULL,492,52
NULL,492,53
NULL,492,54
NULL,492,55
NULL,492,56
NULL,492,57
NULL,492,58
NULL,492,59
NULL,492,60
NULL,492,61
NULL,492,62
NULL,492,63
NULL,492,64
NULL,492,65
NULL,492,66
NULL,492,67
