Parameters,Group ID,Image
"[9.529215356337195, 45.56617368830534, 0.2692705569184827, 0.15037985864452882, 350.35454319178575]",727,97
NULL,727,98
"[8.145016900878858, 46.41320190301445, 0.38971372731477655, 0.17680488731021943, 345.1243179983619]",727,99
NULL,727,100
NULL,727,110
