Parameters,Group ID,Image
"[18.822028426852107, 55.11819237026771, 0.25518588163682665, 0.12864515407281374, 0]",199,0
NULL,199,1
NULL,199,2
NULL,199,3
NULL,199,4
NULL,199,5
NULL,199,6
NULL,199,7
NULL,199,8
NULL,199,9
NULL,199,10
NULL,199,11
NULL,199,12
NULL,199,13
NULL,199,14
NULL,199,15
NULL,199,16
NULL,199,17
NULL,199,18
NULL,199,19
NULL,199,20
NULL,199,21
