Parameters,Group ID,Image
"[74.63721573537563, 70.87058016191808, 0.39215896221155333, 0.24906980816473379, 0]",635,89
NULL,635,90
NULL,635,91
NULL,635,92
NULL,635,93
NULL,635,94
NULL,635,95
NULL,635,96
NULL,635,97
NULL,635,98
NULL,635,99
NULL,635,100
NULL,635,110
