Parameters,Group ID,Image
"[61.049181466615245, 90.13688094494148, 0.44656883955750004, 0.295203466870376, 0]",663,90
NULL,663,91
NULL,663,92
NULL,663,93
NULL,663,94