Parameters,Group ID,Image
"[84.93904919426295, 45.863769889647614, 0.5395263259217492, 0.22119174957457097, 5.527471142410263]",789,130
NULL,789,140
NULL,789,150
