Parameters,Group ID,Image
"[9.085086246776937, 46.319011437512664, 0.4534354395713938, 0.18506265366258765, 351.9185451259962]",707,96
"[8.507002872455567, 46.71881221841291, 0.3974964975423695, 0.15423906755238187, 354.2072035049682]",707,97
NULL,707,98
"[7.044725144093455, 47.656140260805195, 0.5001326167206315, 0.23338245124949059, 351.2616659175095]",707,99
"[5.601485307271065, 48.610964956544095, 0.4429746033811288, 0.2333824512494905, 349.9393102046773]",707,100
