Parameters,Group ID,Image
"[49.65530315174573, 24.11965707496119, 0.9180901124783672, 1.0977267800145398, 0]",1316,400
NULL,1316,410
