Parameters,Group ID,Image
"[63.10215257291853, 93.33570624115322, 1.3226647714925832, 1.0286829807139952, 0]",860,170
NULL,860,180
