Parameters,Group ID,Image
"[63.820806583194425, 16.85192076788585, 1.3543013578483212, 1.7554084133214438, 0]",1173,330
"[65.68943583258613, 56.77359238572287, 2.036601563794174, 3.157714377714963, 12.246332859680194]",1173,340
