Parameters,Group ID,Image
"[59.23409216004896, 90.5655144082394, 0.4243982490457938, 0.4706546100198068, 0]",460,43
NULL,460,44
NULL,460,45
NULL,460,46
NULL,460,47
