Parameters,Group ID,Image
"[63.631921977756576, 10.48877136674256, 1.0288442401110136, 1.3030520194763162, 0]",1269,370
