Parameters,Group ID,Image
"[66.28041644428896, 85.89984294986075, 0.421050620154233, 0.5383122042930353, 0]",664,90
NULL,664,91
NULL,664,92
NULL,664,93
NULL,664,94
NULL,664,95
