Parameters,Group ID,Image
"[74.08429395217618, 96.07050466094466, 0.4811890221495929, 0.4271190585929645, 0]",242,0
NULL,242,1
NULL,242,2
