Parameters,Group ID,Image
"[89.175960823592, 94.28577887973188, 0.36693753711266797, 0.30875190030033606, 17.612577842905637]",282,10
NULL,282,11
NULL,282,12
NULL,282,13
