Parameters,Group ID,Image
"[59.05069814894085, 29.717867957504197, 0.8406275631379214, 0.4576313603063872, 4.028263666483383]",1013,250
NULL,1013,260
