Parameters,Group ID,Image
"[69.97822055119056, 53.33956187227936, 1.1263448835575756, 0.9402953700292905, 16.949224233828488]",967,220
"[76.4857961045837, 62.73441460015165, 1.3374612912731247, 1.268008153513689, 20.87499949969282]",967,230
"[85.87021473513286, 77.55413256886055, 2.074486317386157, 1.7492112166849145, 25.407718108952167]",967,240
NULL,967,250
NULL,967,260
