Parameters,Group ID,Image
"[96.49233734524884, 80.17182649875753, 0.3249120617223417, 0.19362213474042317, 17.251470606578266]",315,10
NULL,315,11
NULL,315,12
NULL,315,13
