Parameters,Group ID,Image
"[33.536779724960006, 74.57331785360961, 0.3072142237259885, 0.1801541460430199, 343.1054134973264]",353,20
NULL,353,21
NULL,353,22
NULL,353,23
NULL,353,24
NULL,353,25
NULL,353,26
NULL,353,27
NULL,353,28
NULL,353,29
NULL,353,30
NULL,353,31
NULL,353,32
