Parameters,Group ID,Image
"[76.72257014234319, 73.43705089672655, 0.3816935043845572, 0.40491205818065645, 23.316923370052052]",1040,260
