Parameters,Group ID,Image
"[78.12627029697511, 93.07130621962469, 0.4673018253162837, 0.45434057576233045, 0]",531,68
NULL,531,69
NULL,531,70
NULL,531,71
