Parameters,Group ID,Image
"[33.934808056198335, 83.06903249638403, 0.3644305507420498, 0.44207195388545983, 0]",616,87
NULL,616,88
"[33.02291117353737, 86.96233480610431, 0.3700141813476634, 0.4514876552135121, 0]",616,89
"[32.02346828075538, 91.40670001202452, 0.4109734753118559, 0.5339032536907808, 0]",616,90
NULL,616,91
NULL,616,92
NULL,616,93
NULL,616,94
