Parameters,Group ID,Image
"[68.10390230844752, 68.16377564581605, 0.860439959241873, 1.2611229093489413, 0]",1110,290
