Parameters,Group ID,Image
"[12.64014600658448, 21.152671380523387, 1.2898108169984184, 1.5798675719893005, 0]",1170,330
