Parameters,Group ID,Image
"[55.14923998012024, 48.98993946122966, 0.3305724856365089, 0.17067639961017989, 0]",705,96
NULL,705,97
NULL,705,98
NULL,705,99
NULL,705,100
NULL,705,110
NULL,705,120
