Parameters,Group ID,Image
"[34.63910638875454, 67.59154723538646, 0.772985905417741, 0.7452106820513363, 0]",898,190
NULL,898,200
NULL,898,210
