Parameters,Group ID,Image
"[32.14408622456962, 84.90746421348044, 0.38596306847470174, 0.42023081754490477, 0]",615,87
NULL,615,88
"[31.14398936794176, 89.06515288512351, 0.39042480154628123, 0.5033944963370232, 0]",615,89
"[30.000896451184445, 93.7712498333815, 0.419036206386842, 0.5970332777731642, 0]",615,90
NULL,615,91
NULL,615,92
NULL,615,93
