Parameters,Group ID,Image
"[44.73415590031605, 86.36291731486621, 0.4208471903310174, 0.5729409288055811, 35.56917629320537]",1026,260
NULL,1026,270
NULL,1026,280
"[44.315361519350034, 11.151863591855108, 1.0787247293207471, 1.1997574054625009, 0]",1026,290
"[45.65362636127956, 27.607820347144497, 1.303438305614307, 1.7242224850179857, 0]",1026,300
"[38.45380331760652, 56.60002063441196, 1.9621340455173382, 2.288938080468327, 0]",1026,310
