Parameters,Group ID,Image
"[12.654660501626871, 63.88622771549878, 0.31595449877697923, 0.21978306154351404, 343.3007557660069]",965,220
NULL,965,230
