Parameters,Group ID,Image
"[30.41347125053847, 95.52767610661428, 0.5131416593256035, 0.3665992225935152, 338.00251616969297]",284,10
NULL,284,11
NULL,284,12
