Parameters,Group ID,Image
"[68.6447658757026, 96.63999673906861, 0.46026776031700933, 0.39864445468678866, 0]",244,0
NULL,244,1
NULL,244,2
