Parameters,Group ID,Image
"[87.31019827309918, 4.5890255852946025, 1.158197975878906, 1.5381498499186894, 0]",1185,330
