Parameters,Group ID,Image
"[7.4508501001578535, 21.858446911042513, 1.0274336882796695, 0.48305532476785423, 353.6598082540905]",1018,250
NULL,1018,260
