Parameters,Group ID,Image
"[37.231600730239215, 46.3294522745134, 3.3824661590219463, 4.887176388418322, 48.239700296102]",1240,360
"[30.61335652417999, 70.8393190763127, 3.828852431136983, 6.318401532061429, 39.14801367115547]",1240,370
"[34.70264053095325, 52.17064661750428, 4.359623049406068, 6.139847898328286, 30.206236434979758]",1240,380
"[33.683519369665134, 47.00625558534407, 5.384110308601443, 8.310991957104555, 0]",1240,390
"[14.395063610130704, 39.850491504997244, 12.3691722169362, 18.4220310941547, 9.11417505478994]",1240,400
