Parameters,Group ID,Image
"[11.317673240939568, 56.584747126697884, 0.35915050008145855, 0.12864515407282084, 0]",198,0
NULL,198,1
NULL,198,2
NULL,198,3
NULL,198,4
NULL,198,5
NULL,198,6
NULL,198,7
NULL,198,8
NULL,198,9
NULL,198,10
NULL,198,11
NULL,198,12
NULL,198,13
