Parameters,Group ID,Image
"[94.48744296430468, 48.13740252314239, 0.4714501980091726, 0.22397368963495518, 10.850161169220485]",700,94
NULL,700,95
NULL,700,96
NULL,700,97
"[98.45413554831825, 50.7775193728351, 0.584570590972164, 0.3005683084273734, 13.284866484891154]",700,98
"[99.24551422391849, 51.286623779519445, 0.5501458783926974, 0.27811408773897733, 7.883139316733434]",700,99
NULL,700,100
