Parameters,Group ID,Image
"[12.79280738287905, 69.62874731562586, 0.49620155569993346, 0.4047996519221488, 352.4538145200488]",804,140
NULL,804,150