Parameters,Group ID,Image
"[43.239950397104025, 98.472876965444, 0.3340067602742067, 0.36138026008576674, 0]",301,10
NULL,301,11
