Parameters,Group ID,Image
"[2.811705470957773, 20.351552963811674, 0.7697542025743919, 1.3359014369842057, 51.47571638434806]",1237,350
