Parameters,Group ID,Image
"[11.858929597301744, 11.642076226084184, 0.6235488171843139, 0.9643051136336672, 42.18444331578871]",1283,370
NULL,1283,380
