Parameters,Group ID,Image
"[91.85270558756783, 94.30965449962481, 0.480827808040825, 0.330288464992946, 13.495733280791796]",681,90
NULL,681,91
NULL,681,92
NULL,681,93