Parameters,Group ID,Image
"[34.346815339156755, 74.58455205929532, 0.3090673609343568, 0.20620196196843213, 0]",354,20
NULL,354,21
NULL,354,22
NULL,354,23
NULL,354,24
NULL,354,25
NULL,354,26
NULL,354,27
NULL,354,28
NULL,354,29
NULL,354,30
NULL,354,31
NULL,354,32
