Parameters,Group ID,Image
"[62.5929357588702, 54.81579299357811, 0.30733762690704236, 0.48589446981678597, 19.88516511385427]",1147,320
