Parameters,Group ID,Image
"[53.83551909593209, 85.29353908310088, 1.0379037995148153, 1.274808016880499, 0]",1300,390
