Parameters,Group ID,Image
"[39.15910703295488, 81.43663960293844, 0.42985687224768854, 0.42105371028580774, 344.1406337333982]",952,220
NULL,952,230