Parameters,Group ID,Image
"[86.76614462370777, 76.32401887869324, 0.7811892505928187, 1.2249728331433618, 327.26477372788827]",1053,270
