Parameters,Group ID,Image
"[78.56651047634762, 47.23720303310211, 1.7579831554139824, 1.694383324627547, 18.970407808481582]",1045,260
