Parameters,Group ID,Image
"[97.2992838697086, 81.88292497281009, 0.5858696367298677, 0.7779415041649571, 0]",1226,350
