Parameters,Group ID,Image
"[77.46949549570759, 77.55650699283406, 0.9206012593151769, 1.1210346741722361, 0]",1166,330
