Parameters,Group ID,Image
"[81.573740675391, 29.7790655365842, 0.5137168441398359, 0.6432263008750958, 0]",1132,310
"[88.08844012399942, 67.99943854549522, 0.7718012773459184, 1.1276121025396382, 337.8097111038676]",1132,320
