Parameters,Group ID,Image
"[36.77335604589361, 95.38342796956034, 0.4059487078763223, 0.7266204242223315, 53.66318595796747]",644,90
NULL,644,91
NULL,644,92
