Parameters,Group ID,Image
"[63.080413893300125, 65.87783331682164, 0.18518281772496437, 0.12002782760639265, 0]",143,0
NULL,143,1
NULL,143,2
NULL,143,3
NULL,143,4
NULL,143,5
NULL,143,6
NULL,143,7
NULL,143,8
NULL,143,9
NULL,143,10
NULL,143,11
NULL,143,12
NULL,143,13
NULL,143,14
NULL,143,15
NULL,143,16
NULL,143,17
NULL,143,18
