Parameters,Group ID,Image
"[56.46233271698651, 70.66094224693593, 0.26454688246424496, 0.18004174140958187, 0]",88,0
NULL,88,1
NULL,88,2
NULL,88,3
NULL,88,4
NULL,88,5
NULL,88,6
NULL,88,7
NULL,88,8
NULL,88,9
"[58.80644489898974, 87.92657276156527, 0.3910070016381264, 0.3184738422365379, 14.87011241638254]",88,10
NULL,88,11
NULL,88,12
NULL,88,13
NULL,88,14
