Parameters,Group ID,Image
"[33.202287982899506, 55.028134881220026, 0.43556681372148603, 0.2744548113799543, 348.55066201149646]",752,110
"[28.312781401332703, 66.53036583829198, 0.5353623178380885, 0.48589446981678563, 343.4018956071262]",752,120
"[20.423119256135895, 86.04645929212938, 0.8546268410469969, 0.6877896045947066, 324.621951219796]",752,130
NULL,752,140
