Parameters,Group ID,Image
"[19.488941502221063, 34.768725818141874, 1.3110053862448612, 0.6460229369658563, 353.06565109873077]",1020,250
NULL,1020,260
