Parameters,Group ID,Image
"[9.522005404057738, 55.74849995299404, 0.46765647277773, 0.15912439857919536, 345.3432488842405]",750,99
NULL,750,100
