Parameters,Group ID,Image
"[31.557019409784807, 88.3145605708754, 0.6051152289886375, 0.47821006334845606, 0]",586,72
NULL,586,73
NULL,586,74
NULL,586,75
NULL,586,76
