Parameters,Group ID,Image
"[33.47586333026949, 57.78495361061039, 0.4601331823282279, 0.2739767889812228, 0]",675,90
NULL,675,91
NULL,675,92
NULL,675,93
NULL,675,94
NULL,675,95
NULL,675,96
NULL,675,97
NULL,675,98
"[29.579271903191618, 67.54138593658563, 0.5975610485493312, 0.3712902633514554, 346.15930450834367]",675,99
NULL,675,100
NULL,675,110
