Parameters,Group ID,Image
"[8.253350027507299, 27.57630909217922, 0.5246461064583191, 0.17268696732027422, 352.7549783082153]",793,130
NULL,793,140
NULL,793,150
