Parameters,Group ID,Image
"[31.454538806939418, 22.986790720113458, 0.45726410671600703, 0.13613976322886856, 0]",743,98
NULL,743,99
NULL,743,100
NULL,743,110
NULL,743,120
NULL,743,130
NULL,743,140
NULL,743,150
NULL,743,160
NULL,743,170
"[3.7174943455816707, 18.493049558679424, 1.4490075817994654, 0.3943811617576281, 353.20019382774]",743,180
