Parameters,Group ID,Image
"[63.369760418827845, 63.95973428276507, 0.9690539571738483, 1.05509145804443, 0]",1066,270
NULL,1066,280
