Parameters,Group ID,Image
"[55.818092682835776, 25.76035124501665, 0.7285438880528616, 0.381359466921989, 2.6425452940649734]",1010,250
NULL,1010,260
