Parameters,Group ID,Image
"[91.89450491805293, 96.92367293956194, 0.45245991209357744, 0.33073223518773215, 17.612577842905694]",280,10
NULL,280,11
NULL,280,12