Parameters,Group ID,Image
"[12.158841517446138, 47.57958634160028, 0.32134518428340897, 0.115780638665548, 0]",189,0
NULL,189,1
NULL,189,2
NULL,189,3
NULL,189,4
NULL,189,5
NULL,189,6
NULL,189,7
NULL,189,8
NULL,189,9
NULL,189,10
NULL,189,11
NULL,189,12
NULL,189,13
NULL,189,14
NULL,189,15
NULL,189,16
NULL,189,17
NULL,189,18
