Parameters,Group ID,Image
"[47.12396407943823, 93.47725997795466, 0.23979972532507787, 0.27977826587283516, 0]",718,96
NULL,718,97
NULL,718,98
NULL,718,99
