Parameters,Group ID,Image
"[92.8369694500833, 72.10205010956517, 0.76834406726762, 0.5668768814529, 17.071021291309535]",810,140
NULL,810,150
