Parameters,Group ID,Image
"[70.85002942096894, 99.4223784331575, 0.5029905173876017, 0.49204800138433313, 0]",464,43
NULL,464,44
