Parameters,Group ID,Image
"[70.1912477832142, 94.35831677764668, 0.36609471353813205, 0.4339756324887105, 0]",751,110
NULL,751,120
