Parameters,Group ID,Image
"[11.975868700262673, 59.69121938237478, 0.39397674513545744, 0.28494100167321085, 350.27242144859963]",762,120
NULL,762,130
