Parameters,Group ID,Image
"[53.12904199793712, 67.78627577576309, 0.1410916706475973, 0.10202365346543729, 0]",123,0
NULL,123,1
NULL,123,2
NULL,123,3
NULL,123,4
NULL,123,5
NULL,123,6
NULL,123,7
NULL,123,8
NULL,123,9
NULL,123,10
NULL,123,11
NULL,123,12
NULL,123,13
NULL,123,14
NULL,123,15
NULL,123,16
NULL,123,17
