Parameters,Group ID,Image
"[27.998565407031055, 46.719408474536486, 0.5532895691263597, 0.7059819150297031, 0]",1229,350
NULL,1229,360
