Parameters,Group ID,Image
"[62.37274602516083, 78.23644763081653, 0.4746743639852156, 0.7383119279609645, 0]",1108,290
