Parameters,Group ID,Image
"[10.70525929624337, 44.20642690272085, 1.1472676014448286, 0.6564422854534215, 347.14450893215536]",989,230
NULL,989,240
NULL,989,250
