Parameters,Group ID,Image
"[19.894330609025424, 32.30264023248891, 0.3429480800370044, 0.13613976322886145, 0]",747,98
"[19.549125865552146, 32.41750039712176, 0.38063699887995006, 0.11955251583711415, 350.83765295427895]",747,99
NULL,747,100
"[14.13656541346557, 34.16857175518852, 0.4804479654222359, 0.15115692971483385, 353.2901631922439]",747,110
"[8.19270945439143, 36.35884614239056, 0.469263238776185, 0.20281094824976315, 348.8261617581866]",747,120
NULL,747,130
