Parameters,Group ID,Image
"[68.76209492856404, 91.64535017690054, 0.5093404276184249, 0.6695046499890654, 327.8671041400244]",1153,320
