Parameters,Group ID,Image
"[4.206008583690986, 30.899532710280376, 1.8025751072961358, 2.3948598130841137, 0]",1176,330
