Parameters,Group ID,Image
"[25.17573539745045, 11.583162541904752, 0.7878415155024586, 0.19135838627274285, 357.6826737006927]",919,200
"[22.109357512743056, 9.332287620807207, 0.911641684859731, 0.23340734978997815, 357.5591522767011]",919,210
NULL,919,220
"[15.480291966827536, 3.4943933005818564, 1.0892423645821856, 0.2796636090761248, 359.0451587461296]",919,230
NULL,919,240
NULL,919,250
