Parameters,Group ID,Image
"[28.930645715851313, 45.43862809652987, 0.13095070681979237, 0.07261683570186506, 0]",66,0
