Parameters,Group ID,Image
"[98.0977342297389, 92.32493666509444, 0.3547860856312357, 0.30513393931932326, 22.78836198881936]",683,90
NULL,683,91
NULL,683,92