Parameters,Group ID,Image
"[46.54712886154467, 88.15407255021533, 0.43695175486809035, 0.417902460915073, 0]",369,20
NULL,369,21
NULL,369,22
NULL,369,23
NULL,369,24
NULL,369,25
