Parameters,Group ID,Image
"[4.123412671309091, 26.16557872015339, 0.6638866447783518, 0.17268696732027428, 352.7549783082154]",794,130
NULL,794,140
