Parameters,Group ID,Image
"[5.7920029160372, 35.785168591954005, 0.709524454339272, 0.3762006094989183, 351.25383773744403]",874,180
NULL,874,190
