Parameters,Group ID,Image
"[86.91119518629124, 7.361390973774931, 0.9932940082943074, 0.30321876500831596, 4.3135900729981245]",992,240
NULL,992,250
NULL,992,260
