Parameters,Group ID,Image
"[74.20408416041568, 2.6196635593702235, 0.9414567824665739, 1.0535603445293282, 0]",1282,370
