Parameters,Group ID,Image
"[38.92066383113368, 2.737915472402693, 0.5633177566405513, 0.7771036115944574, 43.865578369024036]",1265,360
NULL,1265,370
NULL,1265,380
