Parameters,Group ID,Image
"[54.765037591064015, 79.37704149811306, 0.7831284709263607, 1.2507616929529706, 55.030769468387064]",950,220
NULL,950,230
