Parameters,Group ID,Image
"[12.89912207260739, 85.73509180449157, 0.5745742505010946, 0.41881040315328666, 336.5400628994903]",654,90
NULL,654,91
NULL,654,92
"[9.385634572411877, 92.39897200587284, 0.768938226624498, 0.506994799683089, 329.51712971815334]",654,93
NULL,654,94
NULL,654,95
