Parameters,Group ID,Image
"[34.06501562039704, 64.34943308694704, 0.4732972723328004, 0.29940524877815733, 0]",441,43
NULL,441,44
NULL,441,45
NULL,441,46
NULL,441,47
NULL,441,48
NULL,441,49
NULL,441,50
NULL,441,51
NULL,441,52
NULL,441,53
NULL,441,54
NULL,441,55
NULL,441,56
NULL,441,57
NULL,441,58
NULL,441,59
NULL,441,60
NULL,441,61
