Parameters,Group ID,Image
"[56.71659318469216, 57.125473570291895, 0.5152916836835146, 0.6718759769665965, 0]",1140,320
