Parameters,Group ID,Image
"[64.12403906886216, 89.72778216701788, 0.2683978838255996, 0.32146343147313416, 0]",559,72
NULL,559,73
NULL,559,74
NULL,559,75
NULL,559,76