Parameters,Group ID,Image
"[45.186670073774714, 9.008533279753516, 0.6498481317890273, 0.9086134535565898, 5.984952315116175]",1314,400
