Parameters,Group ID,Image
"[6.575420016746839, 76.19782498115036, 0.34248752891584044, 0.5260393678485542, 36.469234390050985]",1155,320
