Parameters,Group ID,Image
"[41.767846720142806, 70.06172305972102, 0.22048048319894775, 0.18265119265413432, 0]",669,90
NULL,669,91
NULL,669,92
NULL,669,93
NULL,669,94
NULL,669,95
NULL,669,96
NULL,669,97
"[39.66713454687129, 84.45885040543175, 0.27279960912034085, 0.3005683084273727, 0]",669,98
NULL,669,99
NULL,669,100
