Parameters,Group ID,Image
"[84.12017167381974, 29.906542056074763, 1.201716738197419, 1.6355140186915946, 0]",1177,330
"[97.60835726129758, 78.07383815482888, 2.0186187086400658, 2.511899902596367, 354.9203921399864]",1177,340
