Parameters,Group ID,Image
"[11.074711385324367, 44.653973241715654, 0.45311687364885944, 0.17003278821356718, 351.4205322788219]",756,110
"[2.1806241580822934, 50.69382447874871, 0.5799758443245965, 0.27342854479617584, 352.0494517194876]",756,120
NULL,756,130
