Parameters,Group ID,Image
"[24.25891948121734, 10.354348138357455, 0.5129614989487818, 0.7909729782596565, 49.49715161466776]",1209,340
NULL,1209,350
