Parameters,Group ID,Image
"[83.92551878632788, 81.42285594494336, 0.43874184094622964, 0.30192305839360034, 17.61257784290592]",283,10
NULL,283,11
NULL,283,12
NULL,283,13
NULL,283,14
NULL,283,15
NULL,283,16
NULL,283,17
NULL,283,18
