Parameters,Group ID,Image
"[41.34061798434952, 29.904457452235594, 0.8406275631379215, 0.4576313603063866, 0]",1008,250
NULL,1008,260
