Parameters,Group ID,Image
"[63.5742347405667, 75.85814718229217, 0.18518281772495726, 0.1620375672686123, 0]",111,0
NULL,111,1
NULL,111,2
NULL,111,3
NULL,111,4
NULL,111,5
NULL,111,6
NULL,111,7
NULL,111,8
NULL,111,9
NULL,111,10
NULL,111,11
