Parameters,Group ID,Image
"[99.1615612353238, 36.568993462085636, 0.7679433900226997, 0.33820537833487413, 13.869863808486286]",816,140
NULL,816,150
