Parameters,Group ID,Image
"[22.327589052977462, 90.07717003076809, 0.3544061754440868, 0.37899697799150545, 0]",230,0
NULL,230,1
NULL,230,2
NULL,230,3
NULL,230,4
NULL,230,5
