Parameters,Group ID,Image
"[27.16364463920363, 47.37461497846818, 0.6179235806960498, 0.8759597525308142, 41.00195790079124]",1206,340
