Parameters,Group ID,Image
"[60.14452510159192, 76.82154645184347, 1.0729548134841167, 1.0293858122873871, 0]",942,210
NULL,942,220