Parameters,Group ID,Image
"[93.50733848693508, 49.84788603142064, 2.2772767993585887, 2.901501509622207, 0]",1064,270
