Parameters,Group ID,Image
"[47.573511773524615, 71.66663965829132, 0.5767919921795723, 0.3584204391814012, 0]",544,70
NULL,544,71
"[47.4663824386777, 74.34906517643195, 0.5635934228803023, 0.395907766979363, 0]",544,72
NULL,544,73
NULL,544,74
NULL,544,75
NULL,544,76
NULL,544,77
NULL,544,78
NULL,544,79
NULL,544,80
NULL,544,81
NULL,544,82
NULL,544,83
NULL,544,84
