Parameters,Group ID,Image
"[43.97054503738404, 87.57255800297925, 0.2911337263383998, 0.2500727555806539, 0]",318,10
NULL,318,11
NULL,318,12
NULL,318,13
NULL,318,14
NULL,318,15
