Parameters,Group ID,Image
"[38.862976205850956, 83.50569525794235, 0.25149525869380085, 0.2781140877389845, 0]",466,43
NULL,466,44
"[37.820773266584965, 89.25527432740229, 0.4369517548680756, 0.36968294619407516, 349.76519723657816]",466,45
"[37.478152800811685, 91.40728247672335, 0.42868510004625904, 0.4420122182755364, 0]",466,46
"[37.10982207553654, 93.70223913795832, 0.4831161908860863, 0.4237472505782023, 0]",466,47
NULL,466,48
NULL,466,49
NULL,466,50