Parameters,Group ID,Image
"[50.975693944667135, 97.09075594516823, 0.22438063087820836, 0.24109757360484707, 0]",367,20
NULL,367,21
NULL,367,22
