Parameters,Group ID,Image
"[43.874542066938574, 69.98527837549177, 0.41097347531185774, 0.5847511826137153, 0]",1051,270
"[46.12849235371902, 80.88198569585184, 0.5344254337818697, 0.7096016334272974, 0]",1051,280
