Parameters,Group ID,Image
"[26.854812300432467, 67.89312686668077, 0.31231753754251557, 0.23910503167422803, 0]",725,97
NULL,725,98
NULL,725,99
NULL,725,100
NULL,725,110
