Parameters,Group ID,Image
"[56.43587802874007, 74.66987168898903, 0.22486485009459756, 0.15003478450796592, 0]",99,0
NULL,99,1
NULL,99,2
NULL,99,3
NULL,99,4
NULL,99,5
NULL,99,6
NULL,99,7
NULL,99,8
NULL,99,9
NULL,99,10
NULL,99,11
