Parameters,Group ID,Image
"[96.12807059023666, 74.38655004139953, 0.48867435541677434, 0.3023716408958061, 19.48612957246405]",533,68
NULL,533,69
NULL,533,70
NULL,533,71
