Parameters,Group ID,Image
"[47.423148693468285, 71.1336480543675, 0.3368404961233867, 0.4966364207348752, 48.327404241720046]",1057,270
NULL,1057,280
