Parameters,Group ID,Image
"[64.04657876832077, 9.486732965406876, 0.4344727470931422, 0.6503498521083148, 45.792057092166544]",1193,340
"[64.43280882150424, 46.52697183247256, 0.6328681704358702, 0.8958110388889952, 44.6396539366109]",1193,350
"[65.78108461495705, 97.87348585547132, 1.1582225689412817, 1.634667335589359, 22.812910933618184]",1193,360
