Parameters,Group ID,Image
"[6.214893147637199, 21.607538332166953, 0.6581002838299279, 0.15088090931735862, 354.5673822773181]",823,150
NULL,823,160
NULL,823,170
