Parameters,Group ID,Image
"[75.68895418707429, 68.15050605691778, 0.3220774605907195, 0.2337915865259106, 0]",720,97
NULL,720,98
"[76.92479843714463, 70.69871174369365, 0.3513572297353278, 0.27895587028659463, 0]",720,99
NULL,720,100
NULL,720,110
