Parameters,Group ID,Image
"[42.357829978943926, 90.9072063591323, 0.5052922783635476, 0.41966739880926685, 353.36748538486233]",304,10
NULL,304,11
NULL,304,12
NULL,304,13
NULL,304,14