Parameters,Group ID,Image
"[54.14722545570629, 67.4514628243821, 1.0963391944486602, 1.492097151323236, 0]",1048,270
"[59.090679866941045, 77.84864466987813, 1.5726324789294477, 1.9529211531377548, 0]",1048,280
