Parameters,Group ID,Image
"[35.067633627888, 57.090375096050494, 0.4355668137214863, 0.30738938874556254, 0]",506,54
NULL,506,55
NULL,506,56
NULL,506,57
NULL,506,58
NULL,506,59
NULL,506,60
NULL,506,61
NULL,506,62
NULL,506,63
NULL,506,64
NULL,506,65
NULL,506,66
NULL,506,67
NULL,506,68
NULL,506,69
NULL,506,70
NULL,506,71
NULL,506,72
NULL,506,73
NULL,506,74
NULL,506,75
NULL,506,76
NULL,506,77
NULL,506,78
NULL,506,79
