Parameters,Group ID,Image
"[59.08575596809017, 67.76827160162215, 0.14990990006307214, 0.10802504484573205, 0]",136,0
NULL,136,1
NULL,136,2
NULL,136,3
NULL,136,4
NULL,136,5
NULL,136,6
NULL,136,7
NULL,136,8
NULL,136,9
"[62.14971998585159, 82.83460712956953, 0.22578545566322106, 0.22255089330796807, 0]",136,10
NULL,136,11
NULL,136,12
NULL,136,13
NULL,136,14
NULL,136,15
NULL,136,16
NULL,136,17
NULL,136,18
