Parameters,Group ID,Image
"[53.757145221424686, 26.732977018096616, 0.7178786374298554, 0.2634766189247628, 0]",911,190
"[54.573973415389446, 27.471686795957172, 0.7181402274172514, 0.3103207265639796, 0]",911,200
"[55.369748673836895, 28.33173739326854, 0.9629707377768635, 0.41533199179679076, 3.0127986642722817]",911,210
"[56.716450708706404, 29.804398728069536, 1.058654198232247, 0.5389379494384305, 1.334260290758209]",911,220
"[57.929199193057215, 29.95067776556181, 1.4172420296129782, 0.7783038240588575, 5.262395399595221]",911,230
"[59.39474064323675, 31.27241047058973, 1.7623954554785013, 0.9745605350101583, 4.548042409131028]",911,240
"[61.14336086536658, 32.748949708337946, 2.090213953494658, 1.0447561522876678, 5.084986553508145]",911,250
"[63.056890612062645, 21.824889007590105, 2.1780322279465447, 1.3131470765863447, 5.906141113767887]",911,260
