Parameters,Group ID,Image
"[64.85656679194594, 87.84855370494324, 0.6916119614079577, 0.791555480487844, 0]",1308,390
