Parameters,Group ID,Image
"[44.374716954445866, 90.98762239124652, 0.3125960705130493, 0.29726440748992766, 0]",317,10
NULL,317,11
NULL,317,12
NULL,317,13
NULL,317,14
