Parameters,Group ID,Image
"[39.15369392980701, 51.71628106943139, 0.35356179913890146, 0.1782188888874947, 0]",679,90
NULL,679,91
NULL,679,92
NULL,679,93
NULL,679,94
NULL,679,95
NULL,679,96
"[37.47707345252569, 57.20019933031365, 0.3611171527835424, 0.2523886445450074, 0]",679,97
NULL,679,98
NULL,679,99
NULL,679,100
"[32.19410928716425, 75.27610086832465, 0.5582675983572546, 0.4091352764203307, 346.6397815552298]",679,110
NULL,679,120
