Parameters,Group ID,Image
"[72.74533319489022, 99.45898252578222, 0.41842523665181347, 0.3132206429681901, 16.620756913897424]",243,0
NULL,243,1
