Parameters,Group ID,Image
"[54.976275075010946, 74.39020265378342, 0.47548322346798244, 0.46594806391959764, 0]",729,98
NULL,729,99
NULL,729,100
NULL,729,110
