Parameters,Group ID,Image
"[21.998112583662945, 88.85836235991785, 0.9051101778609159, 1.2320080082783136, 0]",1121,300
