Parameters,Group ID,Image
"[43.433467690429914, 9.440213907625756, 1.297118233620618, 1.5661032148408929, 0]",1277,370
