Parameters,Group ID,Image
"[59.657906263942074, 81.88256628117743, 0.45566508271382844, 0.5512683316239873, 0]",1301,390
