Parameters,Group ID,Image
"[97.544803517917, 44.56100182657521, 0.35074235458330383, 0.1768048873102261, 4.685899839498006]",455,43
NULL,455,44
NULL,455,45
NULL,455,46
