Parameters,Group ID,Image
"[85.49845870438784, 52.15027378928868, 0.45651184977251874, 0.14383204072505035, 1.0206021544931332]",387,20
NULL,387,21
NULL,387,22
NULL,387,23
NULL,387,24
NULL,387,25
NULL,387,26
NULL,387,27
NULL,387,28
NULL,387,29
NULL,387,30
NULL,387,31
NULL,387,32
NULL,387,33
NULL,387,34
NULL,387,35
NULL,387,36
NULL,387,37