Parameters,Group ID,Image
"[76.55747131198478, 92.5033804999218, 0.5841272816453227, 0.6360768060672513, 0]",530,68
NULL,530,69
NULL,530,70
NULL,530,71
