Parameters,Group ID,Image
"[55.90795590843551, 82.11494363076794, 0.3328133759437577, 0.35068737978885167, 0]",490,48
"[56.071829674757886, 83.8260222473335, 0.3306661928731529, 0.3375366030467717, 0]",490,49
NULL,490,50
NULL,490,51
NULL,490,52
"[57.0278029848287, 94.22378433157515, 0.4001060933765075, 0.4084192896866057, 0]",490,53
NULL,490,54
NULL,490,55