Parameters,Group ID,Image
"[56.50642386406388, 69.22660970703967, 0.3130471442493459, 0.1320306103670248, 0]",95,0
NULL,95,1
NULL,95,2
NULL,95,3
NULL,95,4
NULL,95,5
NULL,95,6
NULL,95,7
NULL,95,8
NULL,95,9
NULL,95,10
NULL,95,11
NULL,95,12
NULL,95,13
NULL,95,14
NULL,95,15
