Parameters,Group ID,Image
"[49.99461028621623, 43.92842179082363, 0.3892728468287728, 0.384107632900733, 17.198541220066545]",1035,260
