Parameters,Group ID,Image
"[87.41599218595051, 95.04156421108026, 0.6350955662401617, 0.9788226317664492, 333.43494882292373]",1075,270
NULL,1075,280
