Parameters,Group ID,Image
"[15.892313773048535, 32.46385278920501, 0.33610409636291294, 0.4600945907820542, 24.160915123320365]",1324,400
