Parameters,Group ID,Image
"[40.46887930023539, 53.72175573249993, 0.8065054402077433, 0.5728568715870782, 355.81508387488157]",968,220
"[37.37603210452119, 63.22289853641164, 1.0322175793716772, 0.8956466625519016, 349.9980006347313]",968,230
NULL,968,240
NULL,968,250
NULL,968,260
