Parameters,Group ID,Image
"[40.51867103372578, 30.997687924078637, 0.8593081756520888, 0.43220739584492307, 0]",1009,250
NULL,1009,260
