Parameters,Group ID,Image
"[61.17166234678052, 84.68665108255296, 0.36502112200281545, 0.32146343147311995, 0]",560,72
NULL,560,73
NULL,560,74
NULL,560,75
NULL,560,76
NULL,560,77
NULL,560,78
