Parameters,Group ID,Image
"[93.71055811924438, 78.94230773744296, 0.3683676198036619, 0.20623586803357496, 15.080114969314366]",373,20
NULL,373,21
NULL,373,22
NULL,373,23
NULL,373,24
NULL,373,25