Parameters,Group ID,Image
"[75.84676815995479, 54.57143689808019, 0.45257812528760133, 0.7124111705820372, 329.858614447924]",1251,360
"[77.84882133513506, 80.50488084985051, 0.5715801333950026, 0.8663439478200701, 0]",1251,370
NULL,1251,380
"[91.45121675375229, 48.360014391714955, 0.779693585976986, 1.099091236175333, 0]",1251,390
