Parameters,Group ID,Image
"[97.72666992399728, 89.48010920504214, 0.3247614394289972, 0.22984635350327717, 10.459909092920896]",476,43
NULL,476,44
NULL,476,45
