Parameters,Group ID,Image
"[43.152645668404354, 79.42573582880853, 0.35337058809420085, 0.27928865390758517, 0]",288,10
NULL,288,11
NULL,288,12
NULL,288,13
NULL,288,14
NULL,288,15
NULL,288,16
NULL,288,17
NULL,288,18
NULL,288,19
NULL,288,20
