Parameters,Group ID,Image
"[43.95182814570144, 82.18973375892722, 0.47025083777708676, 0.3743563627222532, 349.33965170546765]",429,38
NULL,429,39
NULL,429,40
"[43.346780730272435, 89.65805976509014, 0.501418672020769, 0.4706546100197926, 0]",429,41
NULL,429,42
"[42.99692952063033, 94.03124380929432, 0.4243982490457938, 0.5134413927488595, 0]",429,43
NULL,429,44
NULL,429,45
