Parameters,Group ID,Image
"[51.49620748364387, 78.15409883079212, 0.4945025524067006, 0.5953780816750509, 0]",888,190
NULL,888,200