Parameters,Group ID,Image
"[32.87831849996214, 87.07349017917376, 0.9928153375867771, 1.4863234288755258, 35.469872167396375]",1050,270
