Parameters,Group ID,Image
"[15.998316661423232, 28.6325908264628, 0.8727686284842897, 1.2813773892495766, 28.663957110281785]",1188,340
