Parameters,Group ID,Image
"[55.077870698757, 69.06457213977107, 0.1675463588940076, 0.13803200174733377, 0]",96,0
NULL,96,1
NULL,96,2
NULL,96,3
NULL,96,4
NULL,96,5
NULL,96,6
NULL,96,7
NULL,96,8
NULL,96,9
"[56.855440335817555, 85.08131138582124, 0.31921392007557614, 0.30733218599669954, 0]",96,10
NULL,96,11
NULL,96,12
NULL,96,13
NULL,96,14
NULL,96,15
