Parameters,Group ID,Image
"[55.957122367640864, 83.29883718488261, 0.519618303086375, 0.4982683187833459, 0]",787,130
NULL,787,140
NULL,787,150
