Parameters,Group ID,Image
"[31.51762937120775, 53.21015897922925, 1.2432297299645032, 0.8390327917184377, 355.2363583092747]",1044,260
