Parameters,Group ID,Image
"[37.38827223599995, 63.431580504292995, 0.5196499468945469, 0.41288378561516337, 344.0008449007292]",837,160
NULL,837,170
NULL,837,180
