Parameters,Group ID,Image
"[44.16219125266737, 47.30847726956147, 0.24692605311955873, 0.16073171573655998, 0]",741,98
NULL,741,99
NULL,741,100
"[42.38728386976509, 56.712468308868694, 0.41814995891118567, 0.23919427588337092, 353.5662486954554]",741,110
"[40.103004033365615, 69.2990310723477, 0.5370645717264825, 0.4347432792136779, 345.7932338822403]",741,120
"[36.54777262442845, 91.07511710846742, 0.49555344718013483, 0.9918986135523542, 60.23902039143502]",741,130
NULL,741,140
