Parameters,Group ID,Image
"[80.71632598619884, 11.598882038359323, 0.9326645147527944, 1.08334633818373, 21.130192567867027]",1263,360
NULL,1263,370
