Parameters,Group ID,Image
"[72.5151993147319, 68.46900251826987, 0.39750397481921595, 0.39864445468677445, 0]",233,0
NULL,233,1
NULL,233,2
NULL,233,3
NULL,233,4
NULL,233,5
NULL,233,6
NULL,233,7
NULL,233,8
NULL,233,9
"[80.06015251373951, 84.05677615961334, 0.5461969386813479, 0.5782516418793051, 0]",233,10
NULL,233,11
NULL,233,12
NULL,233,13
NULL,233,14
NULL,233,15
NULL,233,16
NULL,233,17
