Parameters,Group ID,Image
"[55.43941810479145, 66.43596271519134, 0.30422891483387104, 0.19804591555050877, 0]",130,0
NULL,130,1
NULL,130,2
NULL,130,3
NULL,130,4
NULL,130,5
NULL,130,6
NULL,130,7
NULL,130,8
NULL,130,9
"[57.243127651546125, 80.48829813930041, 0.4539066229367492, 0.3147505491069609, 0]",130,10
NULL,130,11
NULL,130,12
NULL,130,13
NULL,130,14
NULL,130,15
NULL,130,16
NULL,130,17
NULL,130,18
