Parameters,Group ID,Image
"[7.846848741598474, 46.61050565973138, 0.3646180998733551, 0.182913085134672, 352.46275914245575]",769,120
NULL,769,130
