Parameters,Group ID,Image
"[16.19957781946359, 62.74685000678609, 0.378053157980478, 0.2572903081456417, 0]",208,0
NULL,208,1
NULL,208,2
NULL,208,3
NULL,208,4
NULL,208,5
NULL,208,6
NULL,208,7
NULL,208,8
NULL,208,9
"[6.6980988787762845, 74.01532932159408, 0.6508831659319922, 0.3768666315115568, 346.0373190598334]",208,10
NULL,208,11
NULL,208,12
NULL,208,13
NULL,208,14
NULL,208,15
