Parameters,Group ID,Image
"[54.562004277951736, 68.87252761560084, 0.11463698240117282, 0.0960222620850999, 0]",127,0
NULL,127,1
NULL,127,2
NULL,127,3
NULL,127,4
NULL,127,5
NULL,127,6
NULL,127,7
NULL,127,8
NULL,127,9
NULL,127,10
NULL,127,11
NULL,127,12
NULL,127,13
NULL,127,14
NULL,127,15
NULL,127,16
