Parameters,Group ID,Image
"[17.507280818906644, 69.59552856063821, 0.3387045054643832, 0.22515403407317025, 343.6015539725504]",325,10
NULL,325,11
NULL,325,12
NULL,325,13
NULL,325,14
NULL,325,15
NULL,325,16
NULL,325,17
NULL,325,18
NULL,325,19
NULL,325,20
NULL,325,21
NULL,325,22
NULL,325,23
NULL,325,24
NULL,325,25
NULL,325,26
