Parameters,Group ID,Image
"[89.434371003996, 53.07103107677879, 0.45937919459497845, 0.164207019897781, 6.330070927356644]",385,20
NULL,385,21
NULL,385,22
NULL,385,23
NULL,385,24
NULL,385,25
NULL,385,26
NULL,385,27
NULL,385,28
NULL,385,29
NULL,385,30
NULL,385,31
NULL,385,32