Parameters,Group ID,Image
"[94.9757526855457, 88.08484523959284, 0.511450325423475, 0.6141832350725246, 0]",1179,330
