Parameters,Group ID,Image
"[65.58279205512666, 14.806763932681541, 0.369876127780671, 0.5033944963370232, 0]",1073,270
"[74.39984887302028, 6.921127823324816, 0.5109371060749044, 0.7654586675496632, 39.40066066348163]",1073,280
"[80.17025438269289, 22.229377997393566, 0.6748620007480639, 0.9758792293235636, 0]",1073,290
"[94.49063369997707, 42.48019668825544, 1.001702963640554, 1.3147911550796252, 0]",1073,300
