Parameters,Group ID,Image
"[82.16883950751905, 88.78094517468958, 0.5153239369451666, 0.4010573179056242, 21.30120223355567]",577,72
NULL,577,73
NULL,577,74
NULL,577,75
NULL,577,76
