Parameters,Group ID,Image
"[35.90015099097894, 29.432532722592843, 0.6959514382714499, 0.4104433229213844, 354.8718089581499]",976,230
"[33.05847979886452, 30.438873231664072, 0.7586068592796593, 0.413036887056645, 0]",976,240
"[29.942828996078784, 31.817758932418432, 0.934030625708793, 0.507354712974497, 354.36931724236433]",976,250
"[26.72304556142801, 20.60583693896438, 1.0461123471978533, 0.6717771896740997, 350.1060793302655]",976,260
