Parameters,Group ID,Image
"[33.698024597357055, 77.15876217941947, 0.4018465383630385, 0.2734832853532936, 0]",172,0
NULL,172,1
NULL,172,2
NULL,172,3
NULL,172,4
NULL,172,5
NULL,172,6
NULL,172,7
NULL,172,8
NULL,172,9
NULL,172,10
