Parameters,Group ID,Image
"[78.585385873432, 11.698941555518678, 1.5135967331257625, 2.6588503535269736, 8.310277167524077]",1333,400
