Parameters,Group ID,Image
"[63.75941755829165, 68.06233977925778, 0.14109167064761152, 0.12002782760637842, 0]",139,0
NULL,139,1
NULL,139,2
NULL,139,3
NULL,139,4
NULL,139,5
NULL,139,6
NULL,139,7
NULL,139,8
NULL,139,9
NULL,139,10
NULL,139,11
NULL,139,12
NULL,139,13
NULL,139,14
NULL,139,15
NULL,139,16
NULL,139,17
