Parameters,Group ID,Image
"[57.59660253422347, 94.91503299306149, 0.30060562988467865, 0.32146343147311995, 0]",557,72
NULL,557,73
NULL,557,74
