Parameters,Group ID,Image
"[21.23535790259258, 60.59535676575596, 0.5646236474167441, 0.379246648452323, 351.59662890944026]",863,170
NULL,863,180
NULL,863,190
