Parameters,Group ID,Image
"[16.910243474891043, 68.53938815507249, 0.3319657187715307, 0.19680753837029943, 348.40915570590124]",326,10
NULL,326,11
NULL,326,12
NULL,326,13
NULL,326,14
NULL,326,15
NULL,326,16
NULL,326,17
NULL,326,18
NULL,326,19
NULL,326,20
NULL,326,21
NULL,326,22
NULL,326,23
NULL,326,24
