Parameters,Group ID,Image
"[93.98823924543798, 38.11627265574625, 0.5943831254510457, 0.6240427640541668, 0]",1113,290
