Parameters,Group ID,Image
"[23.36281365105725, 83.1407373395117, 0.45796023431834637, 0.3084440195287013, 350.5398247712481]",292,10
NULL,292,11
NULL,292,12
NULL,292,13
NULL,292,14
NULL,292,15
NULL,292,16
NULL,292,17