Parameters,Group ID,Image
"[6.4793034868917365, 59.60426511093456, 0.9634275849693335, 0.7494457943007735, 344.1288213885442]",964,220
NULL,964,230
