Parameters,Group ID,Image
"[4.993857996097657, 7.3506858299999225, 0.29029381146313477, 0.4334574734383867, 28.886581766909444]",1212,340
