Parameters,Group ID,Image
"[35.416484358373516, 89.36723993473274, 0.6297727991576837, 0.3904678431445423, 344.31000707091664]",295,10
NULL,295,11
NULL,295,12
NULL,295,13
NULL,295,14
NULL,295,15
