Parameters,Group ID,Image
"[6.040709126723571, 64.34316353887398, 1.5758371634931052, 2.144772117962475, 0]",1336,410
