Parameters,Group ID,Image
"[56.11390218617027, 35.59277476533034, 0.42514224797975686, 0.6750732060935647, 0]",1294,370
NULL,1294,380
