Parameters,Group ID,Image
"[97.46293896557268, 34.86078685802692, 0.6162631943767705, 0.1520102706282153, 4.516212257019163]",552,72
NULL,552,73
NULL,552,74
NULL,552,75
NULL,552,76
