Parameters,Group ID,Image
"[62.42716531439271, 91.10931589463213, 0.39553240075093754, 0.4514876552135121, 0]",662,90
NULL,662,91
NULL,662,92
NULL,662,93
NULL,662,94