Parameters,Group ID,Image
"[8.406316661498355, 25.129147104262493, 0.6646532535881001, 0.2345241313679194, 353.06562563237605]",944,210
NULL,944,220
NULL,944,230
