Parameters,Group ID,Image
"[18.903310788879963, 36.66319753941071, 0.33037669764980726, 0.5157410347374568, 9.168667595006525]",1325,400
