Parameters,Group ID,Image
"[36.00188723816494, 47.51446388550522, 0.7797453018141792, 1.0004979002386496, 20.268517482955417]",1196,340
