Parameters,Group ID,Image
"[44.107862633181405, 48.93860512962636, 0.6042302305346325, 0.4162549517785621, 0]",940,210
"[42.41582717032128, 58.46710257900571, 0.7521543142115223, 0.5838494452249844, 4.8440003750787355]",940,220
"[39.88947229887376, 70.79688466789679, 0.9945558102547238, 0.9228899099512091, 0]",940,230
"[35.79347635785019, 90.30355834099912, 1.5020415813737245, 1.5447579575918695, 0]",940,240
NULL,940,250
