Parameters,Group ID,Image
"[67.59224743871107, 45.41837420164524, 0.8953317837608514, 0.450736848738717, 3.990913098427029]",830,150
NULL,830,160
NULL,830,170
NULL,830,180
NULL,830,190
