Parameters,Group ID,Image
"[5.955413590509285, 44.09208297329605, 0.5416847998435866, 0.177151329152266, 353.4633217688495]",424,35
"[5.458670659907923, 44.28588001384325, 0.51896541340018, 0.14552767890334953, 352.3605833962864]",424,36
NULL,424,37
NULL,424,38
NULL,424,39
NULL,424,40
NULL,424,41
NULL,424,42
NULL,424,43
NULL,424,44
NULL,424,45
NULL,424,46
