Parameters,Group ID,Image
"[3.9717671847645373, 64.71910721302132, 0.5455992182406892, 0.26457797565443963, 344.6667152069492]",501,52
NULL,501,53
NULL,501,54
NULL,501,55
NULL,501,56
