Parameters,Group ID,Image
"[55.159580366321215, 78.8179808019581, 0.5767919921795723, 0.5461644787526012, 0]",542,70
NULL,542,71
"[55.43868354826561, 82.17339152739943, 0.6548908365344772, 0.6575388371041271, 0]",542,72
NULL,542,73
NULL,542,74
NULL,542,75
NULL,542,76
NULL,542,77
NULL,542,78
NULL,542,79
NULL,542,80
