Parameters,Group ID,Image
"[99.18160117263912, 42.31557975773545, 0.37672326973762443, 0.1591243985791949, 6.766174822545395]",454,43
NULL,454,44
NULL,454,45
