Parameters,Group ID,Image
"[13.705055718246701, 91.81220947180803, 0.6945501837800595, 1.1457137431741298, 6.654425046005031]",1319,400
