Parameters,Group ID,Image
"[72.17872535272735, 98.90410193815981, 0.6763626672405252, 0.7598226562092094, 0]",1239,350
