Parameters,Group ID,Image
"[76.84330285362037, 68.79404687990615, 0.49876519742788616, 0.6788101109853528, 0]",1137,310
