Parameters,Group ID,Image
"[44.354929095877544, 58.67187111685208, 0.8086536334561316, 1.2381831270982104, 0]",1297,390
"[40.33508856085252, 67.4673282133448, 1.7288160368334395, 2.6218164371674066, 22.916902618448773]",1297,400
NULL,1297,410
