Parameters,Group ID,Image
"[81.82270862429536, 39.68866047814821, 0.829934353689552, 0.9413092200396066, 0]",1279,370
NULL,1279,380
