Parameters,Group ID,Image
"[48.73431990078807, 31.59856279395919, 0.49363738793205414, 0.6895390605098584, 0]",1286,370
NULL,1286,380
