Parameters,Group ID,Image
"[74.34871719521105, 50.796259182642466, 0.5281640141943376, 0.35354394464499816, 5.313537538060643]",910,190
NULL,910,200
"[94.76439240500011, 78.399528597286, 1.2669111572961462, 0.9050265952983005, 27.335315076660265]",910,210
