Parameters,Group ID,Image
"[33.186926558834834, 86.70724341350977, 0.6636747672778611, 0.5977625791855559, 0]",585,72
NULL,585,73
NULL,585,74
NULL,585,75
NULL,585,76
NULL,585,77
