Parameters,Group ID,Image
"[11.870027264014414, 80.86950929271775, 0.7187128604300086, 0.5068473479963211, 337.0561749703772]",819,150
NULL,819,160
