Parameters,Group ID,Image
"[2.4259027330825886, 67.12365368044028, 0.5455992182406894, 0.26457797565443963, 344.6667152069493]",500,52
NULL,500,53
NULL,500,54
NULL,500,55
