Parameters,Group ID,Image
"[36.401396073515826, 95.71948615397461, 0.7597515016449756, 0.7319837803612772, 332.50086126896565]",879,180
NULL,879,190
