Parameters,Group ID,Image
"[76.14580110754689, 86.86418564813098, 0.3016692249275368, 0.33970833831834685, 19.311856564351956]",807,140
NULL,807,150
