Parameters,Group ID,Image
"[77.13503808764084, 45.811652653452896, 0.5133933108731122, 0.44477562271472915, 11.464868555427813]",1046,260
