Parameters,Group ID,Image
"[58.65716055183115, 71.32112845875473, 0.6215973814091953, 0.7106252306624299, 0]",987,230
NULL,987,240
NULL,987,250
