Parameters,Group ID,Image
"[52.018869107187356, 54.16615646656646, 0.31917343440767354, 0.18619243593838064, 0]",715,96
NULL,715,97
NULL,715,98
NULL,715,99
NULL,715,100
NULL,715,110
"[54.29733564732906, 94.02007897021046, 0.6270679000603532, 0.7200686101312519, 350.11587599247673]",715,120
NULL,715,130
