Parameters,Group ID,Image
"[46.99378123888301, 13.963972857002219, 0.2937325759130829, 0.349842243336985, 0]",1118,300
"[40.454190321556396, 37.40433664989365, 0.40757700030929556, 0.48536659426434875, 0]",1118,310
"[29.72472963187494, 79.45513438164582, 0.4949703215100806, 0.7173264107025834, 46.15036306132987]",1118,320
