Parameters,Group ID,Image
"[24.722058025729364, 8.104614377565156, 0.9588256737701285, 1.0910629595913601, 0]",1268,370
