Parameters,Group ID,Image
"[13.803372754661227, 47.69536698026583, 0.27408853953584966, 0.10291612325825383, 0]",190,0
NULL,190,1
NULL,190,2
NULL,190,3
NULL,190,4
NULL,190,5
NULL,190,6
NULL,190,7
NULL,190,8
NULL,190,9
NULL,190,10
NULL,190,11
NULL,190,12
NULL,190,13
NULL,190,14
NULL,190,15
NULL,190,16
NULL,190,17
NULL,190,18
NULL,190,19
