Parameters,Group ID,Image
"[1.6903569479887741, 89.39378925521105, 0.577993020925195, 0.6532581205314625, 341.16624708734275]",801,140
NULL,801,150
