Parameters,Group ID,Image
"[98.87272888793251, 94.24288218179916, 0.4723802755330544, 0.43835922473609, 17.447188423283023]",508,55