Parameters,Group ID,Image
"[63.17909353828477, 89.8751045528072, 0.4525794409131264, 0.4454032639987154, 338.96248897458224]",846,160
NULL,846,170