Parameters,Group ID,Image
"[59.200825321884075, 83.98639599990142, 0.4457461533488427, 0.3817292519084958, 0]",563,72
NULL,563,73
NULL,563,74
NULL,563,75
NULL,563,76
NULL,563,77
NULL,563,78
NULL,563,79
