Parameters,Group ID,Image
"[73.4424468693644, 56.93972268136657, 0.7212963871771049, 1.0974982898155694, 347.0053832080866]",1252,360
NULL,1252,370
NULL,1252,380
NULL,1252,390
