Parameters,Group ID,Image
"[25.014682772546237, 71.59432223710205, 0.39722886806189067, 0.26301553484164236, 349.3302171955047]",509,55
NULL,509,56
NULL,509,57
NULL,509,58
NULL,509,59
NULL,509,60
NULL,509,61
NULL,509,62
NULL,509,63
NULL,509,64
NULL,509,65
NULL,509,66
NULL,509,67
NULL,509,68
NULL,509,69
NULL,509,70
