Parameters,Group ID,Image
"[23.309465374957078, 45.88093064125938, 0.21825117803299676, 0.08581989673856327, 0]",67,0