Parameters,Group ID,Image
"[13.493357635293346, 76.69683943897913, 0.3172517439040506, 0.6797239115974986, 65.38481603303501]",957,220
NULL,957,230
