Parameters,Group ID,Image
"[71.96546639231714, 75.08232684759079, 0.38039425659704984, 0.2793438801068787, 6.981748006605642]",721,97
NULL,721,98
NULL,721,99
NULL,721,100
NULL,721,110