Parameters,Group ID,Image
"[5.217742185973599, 20.238726095108113, 0.942911689161385, 0.2825457392194458, 356.08056474184446]",924,210
NULL,924,220