Parameters,Group ID,Image
"[15.262599825488346, 51.597679362210954, 1.0659593528912488, 1.3848075386833123, 41.235965135095284]",1071,270
"[10.03450562161085, 57.3286326900592, 1.260147217597638, 1.8002822824167677, 44.79754225778004]",1071,280
