Parameters,Group ID,Image
"[53.3454820418236, 71.58720040724992, 0.3220774605907195, 0.31880670889897544, 0]",897,190
NULL,897,200
