Parameters,Group ID,Image
"[72.94864756595672, 74.11645349659591, 0.7531654259732505, 1.1105095523417248, 0]",1299,390
