Parameters,Group ID,Image
"[48.80075699750112, 66.56128487197967, 0.38510293259790984, 0.27348328535326516, 0]",164,0
NULL,164,1
NULL,164,2
NULL,164,3
NULL,164,4
NULL,164,5
NULL,164,6
NULL,164,7
NULL,164,8
NULL,164,9
"[48.4476162976587, 80.65150212772626, 0.453906622936735, 0.3380654045963496, 0]",164,10
NULL,164,11
NULL,164,12
NULL,164,13
NULL,164,14
NULL,164,15
NULL,164,16
NULL,164,17
NULL,164,18
NULL,164,19
