Parameters,Group ID,Image
"[39.82280431122175, 95.73802419721264, 0.31687820846527615, 0.36138026008576674, 0]",300,10
NULL,300,11
NULL,300,12
