Parameters,Group ID,Image
"[62.01016553537555, 19.89857015981734, 0.6086185260389954, 0.8024661100837598, 0]",1290,370
