Parameters,Group ID,Image
"[57.51625347103849, 61.46085658138235, 0.6318308706948623, 0.45453010222258444, 10.469212216654057]",947,210
"[60.72089656006605, 78.48191074101058, 0.6469907143004474, 1.2134496357702167, 298.84266013541327]",947,220
NULL,947,230