Parameters,Group ID,Image
"[67.41460093191618, 72.57748570772114, 0.4799634310980565, 0.4627172026571316, 0]",825,150
NULL,825,160
