Parameters,Group ID,Image
"[54.8339047297774, 64.932090813655, 0.9191399285635085, 1.1355874853430583, 0]",1317,400
"[66.18516086671042, 89.99106344950849, 2.4294156270518807, 2.234137622877568, 0]",1317,410
