Parameters,Group ID,Image
"[59.275951078066456, 82.34359689793813, 0.545913828258719, 0.3885458456925477, 0]",562,72
NULL,562,73
NULL,562,74
NULL,562,75
NULL,562,76
NULL,562,77
NULL,562,78
NULL,562,79
NULL,562,80
