Parameters,Group ID,Image
"[79.45509100152299, 72.3074652051054, 0.9597214930005578, 1.1710427015382976, 0]",1111,290
