Parameters,Group ID,Image
"[60.00314177213376, 92.82199920471008, 0.48055250793991894, 0.4251207761490434, 0]",419,31
NULL,419,32
NULL,419,33
NULL,419,34
