Parameters,Group ID,Image
"[42.29133327678, 49.723371724414235, 0.8500716102321312, 0.9981597004926193, 333.63116647881634]",1047,260
