Parameters,Group ID,Image
"[69.48920168186228, 45.51618303384416, 0.30124083075406527, 0.14954138032554587, 2.935673446420253]",698,93
NULL,698,94
NULL,698,95
NULL,698,96
NULL,698,97
NULL,698,98
NULL,698,99
NULL,698,100
NULL,698,110
"[87.35978557166938, 71.82903549594933, 0.5278336431268699, 0.4386861653820992, 11.113040535907885]",698,120
NULL,698,130
