Parameters,Group ID,Image
"[56.57294170871884, 60.74312684607553, 0.4401167027141568, 0.5776215668424882, 0]",1310,390
"[69.91507667214971, 72.56831262662729, 1.0157293152761315, 1.3653088772825175, 19.290046219189378]",1310,400
