Parameters,Group ID,Image
"[12.34093469830127, 38.26631578465929, 0.32476143942897906, 0.1414439098481779, 0]",249,0
NULL,249,1
NULL,249,2
NULL,249,3
NULL,249,4
NULL,249,5
NULL,249,6
NULL,249,7
NULL,249,8
NULL,249,9
NULL,249,10
NULL,249,11
NULL,249,12
NULL,249,13
NULL,249,14
NULL,249,15
NULL,249,16
NULL,249,17
NULL,249,18
NULL,249,19
NULL,249,20
NULL,249,21
NULL,249,22
NULL,249,23
NULL,249,24
