Parameters,Group ID,Image
"[24.939494340182698, 24.586465110383955, 0.5344254337818694, 0.7365485308992094, 25.489200556286733]",1199,340
NULL,1199,350
