Parameters,Group ID,Image
"[14.92745639767028, 88.99398423233504, 0.3666891452009086, 0.2617724410959789, 341.0457683004905]",641,89
NULL,641,90
NULL,641,91
NULL,641,92
NULL,641,93
