Parameters,Group ID,Image
"[74.48179792699541, 66.27645801749263, 0.4811890221495929, 0.2847460390619716, 0]",235,0
NULL,235,1
NULL,235,2
NULL,235,3
NULL,235,4
NULL,235,5
NULL,235,6
NULL,235,7
NULL,235,8
NULL,235,9
"[82.34008609021993, 80.25083313551018, 0.6074349215685731, 0.42409530813148416, 11.99944225744656]",235,10
NULL,235,11
NULL,235,12
NULL,235,13
NULL,235,14
NULL,235,15
NULL,235,16
NULL,235,17
NULL,235,18
NULL,235,19
