Parameters,Group ID,Image
"[76.66754404307497, 73.95263419111436, 0.6283478754768055, 0.7627189338439706, 0]",1060,270
"[87.81358562391807, 86.59067838542501, 0.6993715553195017, 1.0239821039330224, 0]",1060,280
