Parameters,Group ID,Image
"[85.23440726218048, 79.66158744147864, 0.684170401759684, 0.623211210114358, 18.80765636048187]",795,140
NULL,795,150
