Parameters,Group ID,Image
"[52.7864091591712, 97.17112180303651, 0.7203799201879235, 0.8358049218301318, 0]",779,130
NULL,779,140
