Parameters,Group ID,Image
"[18.552864173658314, 59.150669221799305, 0.4199680022108012, 0.20867638551202816, 0]",436,43
NULL,436,44
NULL,436,45
NULL,436,46
NULL,436,47
NULL,436,48
NULL,436,49
NULL,436,50
NULL,436,51
NULL,436,52
NULL,436,53
NULL,436,54
NULL,436,55
"[6.0835623365111795, 74.91852766217643, 0.6342712443698938, 0.3641874846430341, 346.83888711447014]",436,56
NULL,436,57
NULL,436,58
NULL,436,59
NULL,436,60
