Parameters,Group ID,Image
"[37.751401417580766, 56.57396950504193, 0.3266417794972867, 0.19960349918542875, 0]",447,43
NULL,447,44
NULL,447,45
NULL,447,46
NULL,447,47
NULL,447,48
NULL,447,49
NULL,447,50
NULL,447,51
NULL,447,52
NULL,447,53
NULL,447,54
NULL,447,55
NULL,447,56
NULL,447,57
NULL,447,58
NULL,447,59
NULL,447,60
NULL,447,61
NULL,447,62
NULL,447,63
NULL,447,64
NULL,447,65
NULL,447,66
NULL,447,67
NULL,447,68
NULL,447,69
NULL,447,70
