Parameters,Group ID,Image
"[87.34894523326207, 40.46695689987054, 0.9122763436674721, 0.5348392223298584, 7.733598099017286]",986,230
NULL,986,240
