Parameters,Group ID,Image
"[6.079887564838842, 71.01035129911365, 0.49527057664339746, 0.28007441884207124, 349.0533487508342]",566,72
NULL,566,73
NULL,566,74
NULL,566,75
NULL,566,76
NULL,566,77
