Parameters,Group ID,Image
"[58.27926628171449, 10.634781183033434, 0.5674379307411783, 0.6815108636434708, 0]",1128,300
NULL,1128,310
NULL,1128,320
