Parameters,Group ID,Image
"[77.8214054313197, 90.15276466082055, 0.44755011461462857, 0.6091073405678031, 0]",1131,310
