Parameters,Group ID,Image
"[72.08990725812332, 44.13644012287051, 0.7085704132996113, 0.9483171228457152, 0]",1285,370
NULL,1285,380
NULL,1285,390
