Parameters,Group ID,Image
"[26.564991676694678, 78.3300672677467, 0.6472136123358351, 1.0126257831084762, 29.550164019340798]",1092,280
