Parameters,Group ID,Image
"[8.833511152468274, 38.88513289024505, 0.44167555762341415, 0.12376342111715388, 0]",248,0
NULL,248,1
NULL,248,2
NULL,248,3
NULL,248,4
NULL,248,5
NULL,248,6
NULL,248,7
NULL,248,8
NULL,248,9
NULL,248,10
NULL,248,11
NULL,248,12
NULL,248,13
NULL,248,14
NULL,248,15
NULL,248,16
NULL,248,17
NULL,248,18
NULL,248,19
