Parameters,Group ID,Image
"[82.92358196386647, 97.45418642762014, 0.6130196930661498, 0.7701620891233176, 0]",1225,350
