Parameters,Group ID,Image
"[73.829306547996, 96.98993332347892, 0.36502112200281545, 0.40913527642034353, 0]",554,72
NULL,554,73
NULL,554,74
