Parameters,Group ID,Image
"[49.173119946230706, 67.52066795366505, 0.6783377700217059, 1.0550914580444442, 0]",1067,270
NULL,1067,280
