Parameters,Group ID,Image
"[53.975208586923465, 80.6769988317003, 0.7080576040861588, 0.6562706103452075, 13.34127205407134]",845,160
NULL,845,170