Parameters,Group ID,Image
"[15.351917697623465, 28.603074159511007, 0.6626215594409102, 1.0977267800145423, 342.54413957072734]",1318,400
