Parameters,Group ID,Image
"[21.466635073693197, 75.04181667422564, 0.356233321878569, 0.2780655994789115, 353.2901631922441]",306,10
NULL,306,11
NULL,306,12
NULL,306,13
NULL,306,14
NULL,306,15
NULL,306,16
NULL,306,17
NULL,306,18
NULL,306,19
NULL,306,20
NULL,306,21
NULL,306,22
