Parameters,Group ID,Image
"[59.61373008909698, 17.128767779850797, 0.6086185260389954, 0.9577821313902994, 0]",1291,370
