Parameters,Group ID,Image
"[93.73065031137492, 88.88919274103144, 0.8593081756520882, 1.2339987656617875, 325.8153097512806]",1052,270
