Parameters,Group ID,Image
"[96.17371976818227, 61.76240002299873, 0.3779042204264578, 0.2250244020311811, 10.619655276150468]",608,82
NULL,608,83
NULL,608,84
NULL,608,85
NULL,608,86
