Parameters,Group ID,Image
"[59.11278633040149, 94.17829071870094, 0.4893700254609018, 0.5181689560800741, 27.78271734841894]",765,120
NULL,765,130