Parameters,Group ID,Image
"[57.9307512546543, 39.13549595304853, 1.1623181084679075, 0.7004086786416792, 0]",905,190
NULL,905,200
"[62.92560009628899, 51.1042913961412, 1.8738571088799925, 1.316450855216815, 9.720777155166957]",905,210
NULL,905,220
"[73.56694998183296, 76.3387542124322, 3.78481254858453, 2.9841951897826187, 24.878388306628835]",905,230
NULL,905,240
NULL,905,250
