Parameters,Group ID,Image
"[45.77905519261643, 92.55651424423978, 0.5715801333950026, 0.5480951506616947, 0]",488,46
NULL,488,47
NULL,488,48
NULL,488,49
NULL,488,50