Parameters,Group ID,Image
"[10.464890174059985, 21.096261453041876, 0.9194327664559401, 0.2276235723342537, 356.5834118082288]",908,190
NULL,908,200
NULL,908,210
