Parameters,Group ID,Image
"[10.720626478761627, 72.29506088071143, 0.4054861950075821, 0.28848960862643885, 342.4310911750149]",692,92
NULL,692,93
"[8.674731741164313, 75.16955940369664, 0.508669209123566, 0.3146897143141093, 340.92086421858147]",692,94
"[6.440484052115513, 78.38179786752039, 0.5015480879240877, 0.3803248916800211, 337.1064295969833]",692,95
"[5.284430343344248, 80.20667120706852, 0.5402085236998104, 0.3255164216605124, 341.23563370602074]",692,96
NULL,692,97
"[2.6578476202867742, 83.97440501420166, 0.5144221200555051, 0.35007367687423196, 345.3791260113678]",692,98
"[1.236256381016724, 85.9697860753096, 0.5515605392228466, 0.44006206036853346, 344.87599269168993]",692,99
NULL,692,100
