Parameters,Group ID,Image
"[93.46514037689002, 56.39229880340446, 0.8556555181218493, 0.5591464971270956, 14.568140979865063]",851,160
NULL,851,170
