Parameters,Group ID,Image
"[71.92940398341935, 95.75728401797649, 0.5857953313125392, 0.4840682664053588, 0]",241,0
NULL,241,1
NULL,241,2
