Parameters,Group ID,Image
"[49.9603515907452, 19.942341643800198, 0.5144221200554995, 0.5640075905195978, 0]",1292,370
