Parameters,Group ID,Image
"[86.6053841103086, 8.132260947274352, 1.3788575180564635, 1.787310098302056, 0]",1334,410
