Parameters,Group ID,Image
"[61.210949257219525, 71.05703407803696, 0.21163750597139597, 0.16803895864893548, 0]",114,0
NULL,114,1
NULL,114,2
NULL,114,3
NULL,114,4
NULL,114,5
NULL,114,6
NULL,114,7
NULL,114,8
NULL,114,9
"[65.25621642756273, 88.64212567874846, 0.34257103617866846, 0.2967345244106241, 0]",114,10
NULL,114,11
NULL,114,12
NULL,114,13
NULL,114,14
