Parameters,Group ID,Image
"[21.35806617092558, 79.56797050301489, 0.9288078699788914, 1.3390576982081004, 36.179897207750855]",956,220
NULL,956,230
