Parameters,Group ID,Image
"[63.211565676417635, 88.49703825426526, 0.3842601994166017, 0.5229709489723575, 0]",1181,330
