Parameters,Group ID,Image
"[67.38501247450192, 79.01431782608606, 0.8485839849142424, 0.8051821583973868, 15.619392138709316]",954,220
NULL,954,230
