Parameters,Group ID,Image
"[95.01027905292702, 16.543744869501094, 0.7636260568895409, 1.0535603445293316, 345.6645645804828]",1280,370
NULL,1280,380
