Parameters,Group ID,Image
"[27.682200300166528, 72.35011034546629, 1.437501270444718, 1.5143550963858678, 335.6005640758251]",1042,260
