Parameters,Group ID,Image
"[54.53879775321209, 96.56998518618188, 0.4286851000462666, 0.37129026335145504, 4.698680517294861]",469,43
NULL,469,44
NULL,469,45