Parameters,Group ID,Image
"[28.41056575555605, 92.9292848199289, 0.2605862062779849, 0.3051789037132693, 0]",363,20
NULL,363,21
NULL,363,22
NULL,363,23
