Parameters,Group ID,Image
"[54.164610544558734, 64.30537552734634, 0.734127077705601, 1.033628121794976, 0]",1305,390
"[64.14597026496232, 81.16015156434737, 1.7455372569685865, 2.4168743462581332, 14.574216198039835]",1305,400
