Parameters,Group ID,Image
"[89.85632377964767, 67.22203874294625, 0.5885411153601169, 0.46582235778462955, 13.695876504369949]",809,140
NULL,809,150