Parameters,Group ID,Image
"[61.72341795812537, 40.350433551132596, 1.0982841406143677, 1.3019268974661529, 0]",1295,370
NULL,1295,380
NULL,1295,390
