Parameters,Group ID,Image
"[62.2848400116522, 22.91339685609112, 0.2612746565155746, 0.31617693033722816, 0]",1090,280
NULL,1090,290
"[73.28579761547725, 71.904727646525, 0.48045587824059055, 0.6796280375161388, 0]",1090,300
