Parameters,Group ID,Image
"[38.44009650368865, 48.454048103679995, 0.6481796028020088, 0.9692275352609546, 48.03556912505667]",1148,320
NULL,1148,330
