Parameters,Group ID,Image
"[68.91784522746484, 71.58390309911256, 0.7694007480149913, 0.6260291565361201, 18.863587555615595]",824,150
NULL,824,160
