Parameters,Group ID,Image
"[96.67444286024735, 49.599941114916454, 0.48064693035487954, 0.2475268422343082, 7.125016348896622]",453,43
NULL,453,44
NULL,453,45
NULL,453,46
NULL,453,47
