Parameters,Group ID,Image
"[5.689082554789893, 75.59223102774631, 0.530621118357306, 0.31257757255673196, 340.3068059653359]",489,47
NULL,489,48
NULL,489,49
NULL,489,50
NULL,489,51