Parameters,Group ID,Image
"[73.54543888781251, 56.36045812844102, 0.34608997324381285, 0.2713835324136802, 14.774550275047261]",1021,260
