Parameters,Group ID,Image
"[27.51470794352433, 7.8209613238324485, 0.8192954080220258, 0.26847397658682337, 357.2736890060934]",997,240
NULL,997,250
NULL,997,260
