Parameters,Group ID,Image
"[92.97354233841847, 96.88671998821897, 0.41491188194807405, 0.3051339393193228, 22.78836198881936]",682,90
NULL,682,91
NULL,682,92