Parameters,Group ID,Image
"[25.00478326350752, 20.210795290495483, 1.2445898445408736, 1.7155631161853917, 23.428692808744586]",1187,340
NULL,1187,350
