Parameters,Group ID,Image
"[51.21346916960368, 20.075468841595544, 0.4593279492591549, 0.5209472944771392, 0]",1107,290
"[54.99943477507892, 39.72225725366435, 0.6081767993531884, 0.7791354993064488, 0]",1107,300
"[51.19810896294064, 74.07949233198094, 0.7192035817957745, 0.9508562708588214, 0]",1107,310
