Parameters,Group ID,Image
"[64.36787538795936, 74.08773672509807, 0.1940010471404463, 0.13203061036701066, 6.428747748835917]",113,0
NULL,113,1
NULL,113,2
NULL,113,3
NULL,113,4
NULL,113,5
NULL,113,6
NULL,113,7
NULL,113,8
NULL,113,9
NULL,113,10
NULL,113,11
NULL,113,12
