Parameters,Group ID,Image
"[10.854558122413481, 58.66879862267762, 0.510371763273648, 0.27015482355292875, 0]",195,0
NULL,195,1
NULL,195,2
NULL,195,3
NULL,195,4
NULL,195,5
NULL,195,6
NULL,195,7
NULL,195,8
NULL,195,9
NULL,195,10
NULL,195,11
NULL,195,12