Parameters,Group ID,Image
"[6.7324806261406245, 18.73447659040296, 0.8263983593961433, 0.20456763821017315, 353.79053377873856]",907,190
NULL,907,200
