Parameters,Group ID,Image
"[62.09495106714061, 85.5341455837094, 0.28986971453164756, 0.2630155348416281, 0]",561,72
NULL,561,73
NULL,561,74
NULL,561,75
NULL,561,76
NULL,561,77
NULL,561,78
