Parameters,Group ID,Image
"[89.39175384156646, 81.19387498421955, 0.30610783040144174, 0.16658777091172783, 19.270865663839743]",379,20
NULL,379,21
NULL,379,22
NULL,379,23
"[94.142636650749, 88.42780988166238, 0.48299523308643866, 0.2853813289158276, 14.400021306784652]",379,24
NULL,379,25
NULL,379,26
NULL,379,27
NULL,379,28
