Parameters,Group ID,Image
"[23.279453412132472, 32.49759209873787, 1.1415493792289126, 1.498201583788848, 0]",1289,370
NULL,1289,380
NULL,1289,390
