Parameters,Group ID,Image
"[60.77160932418641, 68.86584267783223, 0.5138565542680162, 0.37303768783046093, 9.34467190210296]",264,10
NULL,264,11
NULL,264,12
NULL,264,13
NULL,264,14
NULL,264,15
NULL,264,16
NULL,264,17
NULL,264,18
NULL,264,19
"[64.4742602916596, 85.01171281779983, 0.6343949981332457, 0.6508970306687161, 0]",264,20
NULL,264,21
NULL,264,22
NULL,264,23
NULL,264,24
NULL,264,25
NULL,264,26
NULL,264,27
