Parameters,Group ID,Image
"[82.3019799853839, 86.99215872441268, 1.0467300995214068, 0.8378721727920596, 19.204039505259857]",943,210
NULL,943,220