Parameters,Group ID,Image
"[24.944014760413808, 29.63397864361551, 0.3892728468287797, 0.4850441544946062, 0]",1321,400
