Parameters,Group ID,Image
"[88.3707112482851, 44.48595866639261, 0.43766922505208433, 0.15990081484990243, 2.9175265792587766]",702,94
NULL,702,95
NULL,702,96
NULL,702,97
NULL,702,98
NULL,702,99
NULL,702,100
NULL,702,110
