Parameters,Group ID,Image
"[56.78408246306671, 71.04578166609159, 0.397382401967255, 0.2716180664515387, 0]",324,10
NULL,324,11
NULL,324,12
NULL,324,13
NULL,324,14
NULL,324,15
NULL,324,16
NULL,324,17
NULL,324,18
NULL,324,19
"[59.24234876649573, 89.00595064361913, 0.5550468237513613, 0.5786341766516188, 0]",324,20
NULL,324,21
NULL,324,22
NULL,324,23
NULL,324,24
NULL,324,25
