Parameters,Group ID,Image
"[16.34578024207996, 52.08216673414909, 0.3875044869299913, 0.15437418488737364, 0]",185,0
NULL,185,1
NULL,185,2
NULL,185,3
NULL,185,4
NULL,185,5
NULL,185,6
NULL,185,7
NULL,185,8
NULL,185,9
"[9.513206117405607, 57.678799638372205, 0.5102454386535863, 0.23314714906624226, 351.9729491722378]",185,10
NULL,185,11
NULL,185,12
NULL,185,13
NULL,185,14
NULL,185,15
NULL,185,16
NULL,185,17
NULL,185,18
NULL,185,19
