Parameters,Group ID,Image
"[62.00018078990461, 68.35040656551308, 0.4276841266505121, 0.2220514810718163, 7.678963807352602]",117,0
NULL,117,1
NULL,117,2
NULL,117,3
NULL,117,4
NULL,117,5
NULL,117,6
NULL,117,7
NULL,117,8
NULL,117,9
"[66.04120071748045, 83.81259437866042, 0.7189284681867301, 0.36231043892811526, 12.207658366751843]",117,10
NULL,117,11
NULL,117,12
NULL,117,13
NULL,117,14
NULL,117,15
NULL,117,16
