Parameters,Group ID,Image
"[77.2112320820227, 85.46077740108188, 0.28347089410966714, 0.18959953976937907, 23.346680432890025]",395,20
NULL,395,21
NULL,395,22
NULL,395,23
NULL,395,24
NULL,395,25
NULL,395,26
