Parameters,Group ID,Image
"[88.63975482490324, 26.76612767182619, 0.6276378549777064, 0.8257635132797425, 0]",1281,370
NULL,1281,380
