Parameters,Group ID,Image
"[48.44348228381846, 79.9476144371772, 0.531609263166132, 0.7924482267094959, 0]",1303,390
