Parameters,Group ID,Image
"[44.737488916742016, 91.26330885246183, 0.3842601994165946, 0.36915596398048933, 0]",658,90
NULL,658,91
NULL,658,92
NULL,658,93
NULL,658,94
