Parameters,Group ID,Image
"[92.04399914958721, 42.93606472975859, 0.4755668161521526, 0.5209472944771392, 0]",1076,270
