Parameters,Group ID,Image
"[63.63404931158172, 91.63246481644232, 0.42946728170090864, 0.49220795197398104, 0]",660,90
NULL,660,91
NULL,660,92
NULL,660,93
NULL,660,94
