Parameters,Group ID,Image
"[60.27382683644878, 21.679293904519817, 1.0318486535987432, 1.2287858893250139, 0]",1172,330
"[60.41632432640892, 64.78835248107897, 1.5557373056760957, 2.1704910356799036, 31.88200747389618]",1172,340
