Parameters,Group ID,Image
"[68.11133605405647, 55.72166309299706, 0.7137668531991325, 0.5021819865229067, 4.049581703270064]",843,160
NULL,843,170
NULL,843,180
