Parameters,Group ID,Image
"[1.8102203557218168, 92.34012412244351, 0.6689944792884976, 0.9641801803917218, 0]",1122,300
NULL,1122,310
