Parameters,Group ID,Image
"[41.95108143968879, 57.916756681380264, 0.4799634310980636, 0.2631137034717099, 0]",445,43
NULL,445,44
NULL,445,45
NULL,445,46
NULL,445,47
NULL,445,48
NULL,445,49
NULL,445,50
NULL,445,51
NULL,445,52
NULL,445,53
NULL,445,54
NULL,445,55
NULL,445,56
NULL,445,57
NULL,445,58
NULL,445,59
NULL,445,60
NULL,445,61
NULL,445,62
NULL,445,63
NULL,445,64
NULL,445,65
NULL,445,66
NULL,445,67
NULL,445,68
NULL,445,69
