Parameters,Group ID,Image
"[10.641642315376822, 75.94548681054175, 0.9280244337808189, 0.8042750665453186, 345.96375653207105]",955,220
NULL,955,230