Parameters,Group ID,Image
"[24.337329583488952, 67.56562343311616, 0.41746898658597154, 0.42688817162196757, 341.7605991533494]",1029,260
