Parameters,Group ID,Image
"[1.171219768527263, 63.98649496103693, 0.1979353458451374, 0.32421072962565345, 25.096250462694172]",1331,400
