Parameters,Group ID,Image
"[77.94158089015248, 55.64789367324745, 1.1986206131990753, 1.6895639286004656, 0]",1249,360
"[80.29217135369956, 81.51741935052587, 1.3598820191184018, 1.793900046090485, 0]",1249,370
"[84.97161271649748, 53.65853658204561, 1.5868042751591631, 2.043849885331955, 24.42814032331944]",1249,380
"[94.62568349665862, 49.0043092543005, 1.8378491669457728, 2.5013800547438763, 0]",1249,390
