Parameters,Group ID,Image
"[78.68408301656119, 16.073485492231665, 0.9569332276232387, 0.3472981963180892, 0]",1017,250
NULL,1017,260
