Parameters,Group ID,Image
"[32.051390451348425, 72.6872500695037, 0.772409015899329, 1.071847322528474, 50.43146683232732]",1203,340
