Parameters,Group ID,Image
"[65.39080996747384, 60.973186432315906, 0.5430011267252725, 0.3695222144783586, 4.028263666486168]",758,110
NULL,758,120
NULL,758,130
