Parameters,Group ID,Image
"[77.37457171081448, 50.07308836118875, 0.879995796122329, 0.5673116036856034, 18.62786317645066]",1016,250
NULL,1016,260
NULL,1016,270
