Parameters,Group ID,Image
"[50.43579988941487, 47.44821164239423, 0.2562799243724925, 0.21527824426604525, 0]",1036,260
