Parameters,Group ID,Image
"[33.464525875929205, 35.552065368873734, 0.4499730195546199, 0.39522116292152387, 346.4520610120005]",1037,260
