Parameters,Group ID,Image
"[0.8498194227520699, 43.683715902552855, 0.630101365712925, 0.15955200466661204, 352.98349825527885]",593,72
NULL,593,73
NULL,593,74
