Parameters,Group ID,Image
"[66.2083777111943, 76.73737539013652, 1.0285866483808936, 1.0852455178399505, 350.81945804237284]",953,220
NULL,953,230
