Parameters,Group ID,Image
"[57.18863775080856, 91.74423460080384, 0.30060562988467154, 0.36529935394672464, 0]",555,72
NULL,555,73
NULL,555,74
NULL,555,75
