Parameters,Group ID,Image
"[24.8893912148542, 61.783575459991646, 0.3468177845610505, 0.26975865855509795, 0]",546,70
NULL,546,71
"[23.83242371469621, 63.630069767807406, 0.34664025579304436, 0.24496793081846135, 0]",546,72
NULL,546,73
NULL,546,74
NULL,546,75
NULL,546,76
NULL,546,77
NULL,546,78
NULL,546,79
NULL,546,80
NULL,546,81
NULL,546,82
NULL,546,83
NULL,546,84
NULL,546,85
NULL,546,86
NULL,546,87
NULL,546,88
NULL,546,89
NULL,546,90
