Parameters,Group ID,Image
"[18.941861119960407, 7.088040306117148, 0.8952044701101144, 0.19620958899186927, 356.3085942177271]",1002,250
NULL,1002,260
