Parameters,Group ID,Image
"[92.03890034720868, 13.680498111938224, 0.7132597505412547, 0.7396062388790092, 0]",1100,290
