Parameters,Group ID,Image
"[24.32217913827863, 7.7628468984447165, 0.7845857255953881, 0.22881568015319362, 356.2482709294743]",1015,250
NULL,1015,260
