Parameters,Group ID,Image
"[42.527516624292126, 87.30076511680713, 0.3411085793397819, 0.5434290990171043, 12.425942865423735]",1143,320
