Parameters,Group ID,Image
"[43.82153937274059, 41.036826051696146, 0.3236227231313533, 0.5067255355248551, 29.458404786670883]",1326,400
NULL,1326,410
