Parameters,Group ID,Image
"[58.35462050886758, 51.50067074564818, 0.45064168168189433, 0.31942724349337287, 355.8023316428282]",772,120
"[60.841336710250005, 61.1498394037674, 0.5690035137102711, 0.40913527642034353, 0]",772,130
NULL,772,140
NULL,772,150
