Parameters,Group ID,Image
"[24.87943111003638, 63.22244127843177, 0.614675253814105, 0.8368182535733437, 46.21417962954308]",1205,340
