Parameters,Group ID,Image
"[65.03806082353546, 75.57608178741717, 0.308638029541612, 0.24005565521277106, 0]",110,0
NULL,110,1
NULL,110,2
NULL,110,3
NULL,110,4
NULL,110,5
NULL,110,6
NULL,110,7
NULL,110,8
NULL,110,9
NULL,110,10
NULL,110,11
