Parameters,Group ID,Image
"[66.90086804406316, 58.761528561822786, 1.1027172574587025, 1.0661066477783434, 8.640997438234422]",970,220
NULL,970,230
NULL,970,240
NULL,970,250
