Parameters,Group ID,Image
"[29.158154139808534, 70.21775911906897, 0.2732778453497069, 0.22582141880343465, 346.5689711293193]",726,97
NULL,726,98
NULL,726,99
NULL,726,100
NULL,726,110
