Parameters,Group ID,Image
"[89.51670073523269, 28.483267345676282, 0.7274656243209024, 1.0961903013233625, 319.86994171627816]",1235,350
