Parameters,Group ID,Image
"[29.258939517497755, 28.76487962475492, 0.46416093213235066, 0.30061652804321054, 349.53082574228966]",1038,260
