Parameters,Group ID,Image
"[6.991370137321253, 75.36960332801587, 0.3978223241018882, 0.7383058751394284, 40.07938396363471]",1072,270
NULL,1072,280
