Parameters,Group ID,Image
"[42.41167673631339, 3.6535140437281544, 0.8032778434939716, 1.152507927849497, 34.31695216682914]",1141,320
"[33.79120046565005, 29.188535243118956, 1.1437391817929239, 1.7427237799578752, 0]",1141,330
"[18.900636071149098, 77.40000407316906, 1.773540528470753, 2.753372902519749, 12.907408671262544]",1141,340
