Parameters,Group ID,Image
"[92.95790326714994, 97.61952311344183, 0.6213614764279638, 0.5011530287490732, 12.804266065287777]",435,43
NULL,435,44
