Parameters,Group ID,Image
"[57.229657209418214, 38.976127491865796, 0.4015217383786166, 0.26319283781742225, 0]",811,140
"[58.82967567076409, 43.64040334692041, 0.5968878558405564, 0.3403239661111542, 0]",811,150
"[61.24601178471414, 51.28189064615211, 0.6906831833135685, 0.5326148599466145, 0]",811,160
"[64.88846467177312, 64.04273073454931, 1.032454669562042, 0.7465170869535043, 11.12918928960903]",811,170
"[70.93559588558807, 86.02919004440653, 1.3717064619655117, 1.5518161351532325, 21.13982480864786]",811,180
NULL,811,190