Parameters,Group ID,Image
"[12.79361867538189, 97.75631058628409, 0.9350787712553524, 0.7956345438709338, 328.92834193915434]",802,140
NULL,802,150
