Parameters,Group ID,Image
"[89.31718528304256, 85.90820327286167, 0.6075534436184284, 0.9302653096154927, 0]",1223,350
