Parameters,Group ID,Image
"[42.30987160624268, 89.9821166257285, 0.7037151707326075, 0.8024661100837704, 0]",889,190
NULL,889,200
