Parameters,Group ID,Image
"[7.06444556733344, 37.70232628966064, 0.5157684721038196, 0.10273602004254911, 0]",82,0
NULL,82,1
NULL,82,2
NULL,82,3
NULL,82,4
NULL,82,5
NULL,82,6
NULL,82,7
NULL,82,8
NULL,82,9
"[2.2242143327050528, 38.08940197133159, 0.9437350382972295, 0.19574158564519012, 353.2852610923389]",82,10
NULL,82,11
NULL,82,12
NULL,82,13
NULL,82,14
NULL,82,15
