Parameters,Group ID,Image
"[87.64455380756915, 61.61827751958909, 1.11092392629646, 0.6321919319047273, 15.462245121405488]",915,200
NULL,915,210
