Parameters,Group ID,Image
"[8.558698022423474, 83.01878167048551, 0.4564638945292518, 0.44006206036851836, 0]",748,99
NULL,748,100
NULL,748,110
