Parameters,Group ID,Image
"[94.55546998604379, 75.90981408960842, 0.6097757809560358, 0.42433172954453546, 14.036243467911731]",472,43
NULL,472,44
NULL,472,45
NULL,472,46
NULL,472,47