Parameters,Group ID,Image
"[13.391112554968057, 75.15937315100092, 0.5184489314585291, 0.30064649397989707, 340.94675800823666]",420,33
NULL,420,34
NULL,420,35
NULL,420,36
NULL,420,37
NULL,420,38
NULL,420,39
NULL,420,40
NULL,420,41
NULL,420,42
