Parameters,Group ID,Image
"[2.757902780923591, 62.03789260763747, 0.863252027304166, 0.5526790941800147, 343.79097507219325]",963,220
NULL,963,230
