Parameters,Group ID,Image
"[57.546974935089864, 72.07126922131087, 0.19841016184818727, 0.13803200174733377, 0]",97,0
NULL,97,1
NULL,97,2
NULL,97,3
NULL,97,4
NULL,97,5
NULL,97,6
NULL,97,7
NULL,97,8
NULL,97,9
NULL,97,10
NULL,97,11
NULL,97,12
NULL,97,13
NULL,97,14
