Parameters,Group ID,Image
"[58.71830142439328, 60.59663026024841, 1.8412025186303467, 2.3080125644722003, 0]",1065,270
NULL,1065,280
NULL,1065,290
