Parameters,Group ID,Image
"[9.750924829272485, 92.04090841018603, 0.7244928496296621, 0.683851178203127, 338.6293777306571]",800,140
NULL,800,150
