Parameters,Group ID,Image
"[73.59439437631872, 13.01643243528827, 0.5115840135735539, 0.6427867869278181, 0]",1124,300
"[76.70370499294536, 36.71472304167212, 0.6781062342645896, 0.8949235490435896, 0]",1124,310
"[81.32277772462429, 78.44024445130043, 0.9350787712553763, 1.5424018973974547, 325.71312302279586]",1124,320
