Parameters,Group ID,Image
"[49.542248088430476, 54.26563620381406, 0.4471266765647783, 0.6309879573315206, 10.784297867562941]",1204,340
