Parameters,Group ID,Image
"[45.23281006704515, 40.60329888507975, 0.5132942249243146, 0.23105460062016075, 357.8404910473318]",778,130
"[44.19146110937514, 45.47469938781104, 0.5745811135629179, 0.3712979513497852, 355.726609290936]",778,140
"[42.68594032271839, 52.999087464273586, 0.8261057244102942, 0.48845840388214096, 356.5935562450045]",778,150
"[40.5614157489751, 65.60972104884344, 1.043190102761722, 0.8697054922393475, 354.855199749261]",778,160
"[36.77375097371526, 88.0954585467562, 1.5215463150975097, 1.3884310995584173, 0]",778,170
