Parameters,Group ID,Image
"[11.429228830071613, 71.07796294672305, 0.6903596479324139, 0.5137875117979726, 342.99205304459446]",836,160
NULL,836,170
