Parameters,Group ID,Image
"[71.13392900628568, 69.18639384004221, 0.39215896221156754, 0.3320930775529831, 0]",634,89
NULL,634,90
NULL,634,91
NULL,634,92
NULL,634,93
NULL,634,94
NULL,634,95
NULL,634,96
NULL,634,97
NULL,634,98
NULL,634,99
NULL,634,100
