Parameters,Group ID,Image
"[53.60522638637275, 68.47643578449978, 0.13668255593986345, 0.08401947932446774, 0]",124,0
NULL,124,1
NULL,124,2
NULL,124,3
NULL,124,4
NULL,124,5
NULL,124,6
NULL,124,7
NULL,124,8
NULL,124,9
NULL,124,10
NULL,124,11
NULL,124,12
NULL,124,13
NULL,124,14
NULL,124,15
NULL,124,16
