Parameters,Group ID,Image
"[2.492140178288622, 64.29225220863026, 0.9026155295640855, 0.506415932063727, 337.90569560328214]",936,210
NULL,936,220