Parameters,Group ID,Image
"[98.19314544608599, 68.40061988291886, 0.4251422479797634, 0.3053902598994823, 8.246320814468788]",609,82
NULL,609,83
NULL,609,84