Parameters,Group ID,Image
"[73.6149103355735, 76.09183274421285, 0.5685176737898211, 0.5260393678485548, 12.665063765023774]",878,180
NULL,878,190
